空腹,疼痛,属于
治疗,便秘,大便
排便,大便,便秘,饮食,蔬菜,纤维,促进,调整
便秘,排便,大便,检查,治疗,症状,饮食
大便,良好,饮食,规律,食物,纤维,辛辣
测量,腹部
形成,基本,排气,消化,功能,紊乱
胸闷,呼吸,顺畅,心脏,检查,体重,食管,腹痛,胸口
补液
症状,腹痛,止血,发热,腹泻,辛辣,油腻,食物
反酸,饮食,规律,作息,熬夜,药物,检查
接触,症状,发热,咳痰
腹泻,食物
软
消化,食物,持续,打嗝
呕吐,好转,片,腹泻
腹泻
打嗝,症状,规律,饮食,辛辣,刺激
饮食,胃镜,食物,打嗝,反酸,消瘦
气味,膈,改善,腹痛,反酸,恶心,呕吐,大便,便秘
饮食,大便,清淡,疼痛,恶心,呕吐,腹泻
反酸,嗳气,检查,药物,感染
检查,疣,胆汁,复发,恶心
腹泻,发热,腹痛,食物
大便
饮食,规律,食物,避免,辛辣,适当,药物,空腹
腰,浑身,尿频,尿急,症状,腹痛,导致,缓解
胃镜,食管,症状,位置,胆汁,食物,吞咽
腹泻,恶心,呕吐,腹痛,大便,胃口,饮食,缓解,观察
检查,腹部,胆囊
饮食,特殊
腹痛,症状,检查,明显
十二指肠,位置,反酸,药物
反酸,表现,胃镜,检查,片,年纪
饮食,诱因,着凉
伴有,恶心,病史,便血,大便,表面,保持,辛辣,食物
腹痛,怀孕,胸部,大便
打嗝,食欲不振,大便,反酸
疼痛,粉末,根治,平常
症状,胃镜,检查,饮食,规律,复发,嗳气
胰腺,胰腺炎,腹部,确诊,症状
食管,锁骨,反酸,升,口臭,胃镜
大便,化验,试验,内脏
便秘,大便,症状,干燥,药物
复发,胸口,就诊,感染,症状
便秘,改善,全身
持续,发作,疼痛,适当,胰腺
糖尿病,骨折,消化,治疗,呕吐,打嗝
饮食,大便,胃镜,控制
怀孕,哺乳
反酸,隐痛,基本,大便,饮食,规律,暴饮暴食,明显,情绪
胃口,病史,症状,药物
大便,便秘,症状,遗传
隐痛,腰,检查,排除,结石,肝,大便
打嗝,大便,排便,明显,因素,饮食,规律,治疗,隐痛,促进
根治,大便
胃镜,持续,治疗,压痛,反复,饮食,食物
单纯,反酸,反应,细菌,表现
绞痛,大便,类似,症状,腹部,部位,阴道
部位,输尿管,膀胱,大便,好转,小便
疼痛,消化,功能,药物
十二指肠,胃镜,基本,辛辣,刺激,暴饮暴食
痉挛,胰腺炎,检查,明显,十二指肠,饮食,缓解,特殊
大便,持续
打嗝,明显,症状,病史,胃镜
平常,规律,熬夜,反酸,胃镜,辛辣,食物
恶心,胃口,腹泻,大便,食物,处理,清淡,药物
复查,治疗,胃镜,确诊,感染,十二指肠
位于,腹泻,伴有,空腹
打嗝,大便
胃口,下降,消化,功能,饮食,恢复,清淡,辛辣,刺激,饥饿
反酸,恶心,大便
熬夜,初步,胃镜,检查,呕吐
打嗝,尽量,空腹,刺激,导致,消化,食物
位置,疼痛,肿块,反酸,打嗝,恶心,着凉
胃镜,部位,胸骨,阴性,反应,清淡,饮食,辛辣,适当,必要
恶心,打嗝,检查,症状
大便
大便,症状,补充,腹痛,恶心,呕吐,心脏,不足,药物,检查
大便,腹部,症状,必要
缓解,饥饿,胃镜,连续,吸收
胃镜,隐痛,必要
恶心,空腹,大便
感染,胃镜,治疗,方案,根除,片,复查,症状,反酸
打嗝,恶心,呕吐,反酸,腹痛,症状,大便,饮食,胃口
胃镜,阳性,食物,刺激,导致,敏感,复查,治疗
大便
胆囊,因素,反酸
恶心,反酸,打嗝,大便
区域,缓解,排便,饮食,规律,位置,清淡,食物
大便,功能,症状
便秘,大便,肛门,空腹,属于,干燥
连续,诊断,疣,辛辣,食物,熬夜,胃镜
基本,怀孕,好转
便秘,促进,导致,适当
荤,空腹,初步,检查
症状,缓解,胆囊,光滑
阳性,症状,消化,腹痛,反酸,恶心,腹部,胃镜,明确,治疗
大便,副作用,基本,纤维,食物
单纯,处理,清淡,辛辣
位置,腹部,症状
打嗝,持续,油腻,小便
大便,检查
反复,发作,直肠,显示,结肠,复发,彻底
消化,食物,熬夜,大便
伴随,症状,辛辣,食物,呕吐
反酸,检查
打嗝,大便,油腻,反酸,表现,食管,饮食,辛辣,刺激,食物
大便,检查,基本,导致
规律,饮食,十二指肠,检查,频繁
反酸,嗳气,恶心,呕吐,腹泻,食物,排除
油腻,维生素
明显,疼痛,腹部,受伤,疱疹
腹部,饮食,清淡,检查
大便,疾病,肛裂,反复,结肠,直肠,肛门,检查,基本,明确
恶心,属于
呼吸,症状,确诊,血象,诊断,费用,排气,排便
腹泻,恶心,全身,乏力,发热,好转,大便,确定,恢复
症状,大便,油腻,隐痛,位置,粘连
大便,消化,功能,不良,促进,药物,摸
大便,频繁,乙肝,肝,饮食,清淡,腹泻,补液,补充,电解质
位置,着凉,油腻,食物
呕吐,症状,精神,检查
心脏,导致,治疗
打嗝,口臭,嗳气,发作,大便
好转,大便,症状
辛辣,食物,规律,胃镜,复查
反应,平常,排便,规律,疾病,导致,复发,抑郁,睡眠,症状
辛辣,嗳气,疼痛,观察
根治,不良
辛辣,刺激,大便,饮食
着凉,大便,腹泻,饮食,腹部,症状
打嗝,趴,规律,饮食,胃口
肛门,疼痛,大便,便秘,顺畅
呕吐,症状,发热,明显,胸口
痛经,病史,诱因,频繁
便秘,改善,导致,大便,排便,腹痛,状态
饮食,油腻,调整,清淡,睡眠,导致
反酸,药物
成人,治疗,感染,方案,刺激
暴饮暴食,疾病,症状,胰腺炎
排便,排气,频繁,症状,属于
腹痛,恶心,呕吐,腹泻,疼痛,症状
恢复,症状,腹部,反酸
大便,不足,导致,便秘,治疗,结肠,息肉,症状,因素,处理
位置,嗳气,疼痛,反酸,检查,初步,恶化,反复
胃镜,检查,缓解
敏感,频繁,刺激,食物,保养,培养,良好,饮食,属于
油腻,检查,粗糙,疾病,恶心,冠心病
治疗,辛辣,刺激,熬夜
大便,腹痛,伴随,症状,部位,检查
结肠,息肉,活检,便秘,大便,复查,化验,检查
胃镜,腹痛,疼痛,规律,良好,心态
绞痛,大便,呕吐,发热,伴随,宠物,饮食,辛辣,疫苗
明显,胃镜,检查
大便,平常,便秘,保持,药物
规律,腹泻,恶心,发热
便秘,排便,不足,适当,症状,功能
连续,大便,腹泻,伴有,腹痛,发热,情绪,药物,治疗,综合征
嗳气,按摩,反酸,呕吐,检查,胃镜
胸口,大便,饮食
连续,恶心,打嗝,检查,缓解,排便,频繁,片,腹泻,消化
平常,饮食,规律,症状,诱因,大便
明显,反酸,情绪
饮食,副作用
特殊,食物,腹泻,症状,确定,功能,紊乱,寄生虫
持续,导致,副作用,打嗝
持续,恶心
大便,检查,治疗,饮食,清淡,辛辣,食物,偏
发热,抗生素
呕吐,嗳气,胃镜,排除
呕吐,症状,疼痛,胃镜,检查,小便,大便,年纪,肛门,排尿
胃口,恶心,呕吐,病史,疼痛
胃镜,胆汁
伴随,症状,便秘,胆囊,切除,嗳气
恶心,打嗝
大便,症状,腹痛,反酸,打嗝,现象,便秘,干燥
打嗝,反酸,检查,明确,堵塞,歪,障碍,膝盖
缓解,检查,胃镜
大便,便秘
腹痛,绞痛,强烈,大便,腹部,劝,恢复,症状,食物,促进
腹部,病史
消化,功能,辛辣,食物
腹痛,排便
反酸,食管,饮食,规律,发作
平常,饮食,作息,规律,大便,缓解
腹部,胃镜,药物,治疗,饮食,规律,海鲜,彻底,导致,精神
恶心,肝,功能,检查
大便,检查,油腻,持续
便秘,治疗,大便,异常,排便,药物
诱因,暴饮暴食,油腻,食物,规律,药物
饥饿,发热,便秘,大便,表现,避免,缓解,胃口,没劲
肛门,明显,消瘦,大便
充分,检查,便血,大便
胃口,腹痛,恶心,呕吐,反酸,腹部,明显,大便,胃镜
呕吐,胃口
打嗝,腹泻,腹痛
消化,转移,症状,吞咽,腹部,喘息,疾病,检查
症状
恶心,消化,腹部,药物
复发,迅速,腰,发热,腹部,显示,异常
大便,腹痛,检查,腹部
便秘,大便,治疗,好转
打嗝,反酸,消化
食物,呼吸,胃镜,检查,十二指肠,痛苦
大便
大便,食物,诱因,着凉,十二指肠,复发,疼痛
症状,打嗝,食管,胃镜,咽部,诊断,明确
反酸,胃镜,检查
症状,补充
疼痛,呼吸,反酸,饮食,规律
反酸,恶心,呕吐,大便
症状,观察,抗生素,状况
症状
反酸,腹痛,症状,油腻
反酸,呕吐,便秘,大便
退烧,浑身,烫
大便,肛门
疼痛,支气管,反酸,症状,饮食,规律,腹泻,便秘
检查,着凉
疼痛,剧烈,检查,治疗,空腹,大便,刺激,食物
臭,腹痛,恶心,饮食,不良,促进,蔬菜
便秘,症状,治疗,腹泻
大便,消化,腹痛,位置,胸部,饮食,连续,药物,治疗
食物,浑身,没劲,片,腰,观察,腹泻,抗生素
胸口,位置,反酸,疼痛,持续,缓解,部位,明显,腹部
现象,肛门,排气,连续,饮食,食物,着凉,胃口,熬夜
消化道,黏膜,损伤,药物,疼痛,必要,症状,缓解,胃镜,烫
腹泻,单纯,饮食,规律
胃镜,治疗,胆囊,腹部,导致
补充,持续,消化道
胃镜,胆汁,片,疼痛,伴随,恶心,呕吐,基本,油腻,腹泻
大便,检查,异常,反酸,紊乱
大便,药物,内脏,明确
大便,伴有,腹痛
消化,食物,明显,恶心
便秘,相关,检查,排便,保养
胃镜,检查,饥饿
症状,缓解,疼痛,位置,消化
胸骨,持续,疾病,症状,表现,检查,反酸,背部
消化,打嗝,反酸,腹痛,大便,便秘,干燥,紊乱
大便,腹痛,伴有,分析,功能,紊乱
大便,肛门
大便,恶心,呕吐,发热,治疗,药物
疼痛,刺激,辛辣,油腻,食物,劳累,恶心,呕吐
腹部,嗳气,大便,体重,明显,压痛,叩击
全身,肌肉,酸痛
十二指肠,抗生素,治疗,防止,复发,症状,反酸,应用,位置,药物
大便,肛门,疼痛
位置,疼痛,反酸,恶心,呕吐,颈椎
偏,伴随,缓解,症状
大便,干燥,肛门,观察,恶心,腹痛
便秘,大便,检查,搭配
便秘,大便,腹部,促进,药物,副作用,持续,适当,饮食
便秘,属于,大便,排便,规律,焦虑,饮食
口臭,便秘,大便,检查,治疗,处理,蔬菜
大便,鼻涕,腹部,压痛,细菌,病毒,腹泻
阴性,症状,感染,明确
打嗝,症状,表现,治疗,药物,临床
症状,大便
恶心,浑身,发热,症状,腹泻,排便
腹部,肌肉
大便,腹痛,臭
尿急,必要,复查,饮食
药物,症状,胃镜,感染,属于
规律,食物,胰腺,连续,症状
食物,伴随,症状,大便,辛辣,刺激
全身,发抖,诊断,阑尾,肿胀,紊乱
消化,症状
体重,恢复,症状
恶心,浑身,隐痛,治疗,疼痛,饮食,辛辣,刺激,清淡
症状,胸骨,反酸,平常,分泌
消化,症状,胸口,部位
病史,症状,排便,饮食,接触
大便,规律
消化,功能,表现,清淡,胃镜
消化,大便,反酸,嗳气,恶心,呕吐,症状,检查,治疗
疼痛,伴随,症状,饮食,规律
症状,平常,大便,辛辣,刺激,油腻,食物
大便
呕吐,治疗,检查,饮食,辛辣
嗳气,症状,补充,检查,药物,过敏,胃镜
伴随,症状,胃镜
缓解,胃镜
大便,肛裂,疼痛
反酸,胸口,症状,饮食,诊断,胃镜,检查
部位,疼痛,便秘
绞痛,排气,缓解,敷,按摩,腹部,排除
乙肝,含量,症状,胃镜,反酸,腹痛,饮食
反复,打嗝,十二指肠,卵巢,黄体,恶心
反酸,着凉
反复,确定,腰,位置
缓解,恶心,类似,属于
大便,腹部,紊乱,药物,呼吸,试验,阳性
打嗝,摸,位置,导致,紊乱
检查,胆汁,阳性,片,紊乱
腹部,绞痛,反酸,打嗝,异常,疾病,大便
发热,检查,推测,传染,症状,就诊
缓解,症状,明显,保养
胃镜,不足,表现,反酸
就诊,检查,治疗,大便,排便,疼痛,缓解,腹泻
位置,疼痛,饮食,大便,腹泻,便秘,观察,绞痛
怀孕,便秘,蔬菜,适当,排便
治疗,症状,试验,检查,感染,复发,根除
便秘,规律,嗜睡,蔬菜,促进,油腻,食物,缓解,症状
腹泻,精神,食物,导致,电解质,紊乱
大便,检查,排除,疾病,腹痛,排便,观察,食物,疲劳
便秘,便血,肛门,观察,大便,导致
胃口,症状,饮食,电解质,反复,平常,辛辣,油腻,刺激,食物
大便,检查,腹痛,药物,胃镜
大便,属于,便秘,药物,反酸,饮食,腹部,尿频,尿急
恶心,治疗,补液
腹泻,刺激,症状,持续,明显,紊乱
腹痛,紊乱,明显,消瘦,胃口
症状,饮食,类似,食物
排便,便秘,排气,臭,症状
胃镜,检查,感染,持续,片,反酸,嗳气
部位,恶心,呕吐,反酸,排便
恶心,固定,频繁,饮食,胃口,体重,大便
恶心,呕吐,发热,症状,检查
饮食,规律
恶心,呕吐,以及,食物,发热
胸口,胃镜
大便,恶心,症状,反酸,嗳气
大便,平常,规律,食物
部位
胃镜,缓解,排便
药物,饮食,腹部,大便,打嗝,辛辣,食物,反复
恶心,口臭,反酸,嗳气,大便,消化道
反应
食物,反酸,症状,消化,情绪,药物
反酸,饮食,规律,刺激,消化
伴随,治疗,止痛
饮食,规律
腹部,剧烈,疼痛,部位,症状,补充,恶心,呕吐,药物,治疗
规律,作息,疾病,辛辣
反酸,大便,伴有,腹痛,刺激,紊乱,避免,食物,药物
恶心,消化,症状,检查,胃镜
便秘,症状,大便
症状,咳痰,打喷嚏,发热,全身
频繁,疼痛,检查,大便
浑身,没劲,反酸,恶心,大便
腹部,疼痛,消炎,片,乏力,检查,结石
胃镜,症状,基本,造成,达到,体重,属于
腹部,着凉,剧烈,饮食,清淡,规律,调整,暴饮暴食,造成
脖子,淋巴结,摸,明显,症状,乳房,疙瘩,检查,颈部,发热
浑身,没劲,绞痛,治疗
部位,软,检查
恶心,规律,辛辣,刺激,食物,消化,频繁
疼痛,大便,症状,发热,持续,缓解,痉挛
大便,症状,部位,检查
症状,胃镜,胃口,反酸,嗳气,切除,疾病,细菌,清除
饥饿,排便,便秘,反应,干燥
排便,腹泻,症状,腹痛,隐痛,绞痛,大便
恶心,症状,大便,排便,胃镜
胸口,药物,反酸
片,预防,血压,控制,收缩,副作用
大便,便秘,腹痛,症状
反酸,症状,大便,便秘,排便,属于,腹泻
神经,大便,息肉,功能,紊乱,维生素,位置,刺激
胃镜,饮食,反酸,嗳气,大便,哺乳
缓解,便秘,腹泻,化验
腹泻,大便,辛辣,刺激
类似,症状,反酸,呕吐
发热,恶心,呕吐,腹泻,便秘,好转,大便,顺畅
隐痛,阴性,胃镜,检查,打嗝,治疗,消化,片
打嗝,药物,腹痛,大便,明显,康复,治疗
胸口,呼吸,打嗝,反酸,检查,药物,大便,膈,痉挛
胸闷,饮食,辛辣,刺激,食物,大便,相关,检查,检验,中暑
伴有,便秘,规律,怀孕,周期,腹痛,大便
体重,下降,腹部,疼痛,伴有,便秘,腹痛,胃镜,痛苦
症状,恶心,状况,消化,饮食,辛辣,食物
大便,浅,肛裂,便秘
浑身,食物,药物,好转
腹泻,打嗝,发热,症状,大便
胸口,滴,大便,发热,十二指肠,复发,治疗,检查,感染
疼痛,部位,小便,排气,缓解,紊乱
胸口,发热,胃口,反酸,干咳,观察,症状
恶心,腹痛,腹部,疾病
反应,腹痛,恶心,呕吐,明显,胃镜
浑身,症状,排便,治疗,堆积,反复
腹部,疼痛,刺激,辛辣,油腻,食物,恶心,呕吐
打嗝,脾,位置,规律
大便,辛辣,刺激,食物,腹泻,缓解
检查,听力,鼻涕,症状,明显,治疗
大便,便秘
大便,消化,食物,油腻,空腹,检查,胃镜
频繁,大便,下降,药物,食物
食物,反酸,频繁,检查,背部,刺激,结合,胃镜
食物,着凉
基本,发抖,检查,治疗
消化道,乏力,症状,药物
规律,辛辣,腹部,持续,压痛
腹泻,结肠,息肉,消瘦,排除
呕吐,过敏,迅速,腹泻,腹痛,观察,好转,嗓子,处理
口臭,表现,消化,暴饮暴食,辛辣
呕吐,胸闷,全身,处理
胰腺,不足,导致,血糖
大便,排便,肛门,症状,手指,拍,疙瘩
臭,便秘
腹泻,饮食,清淡,着凉
恶心,呕吐,功能,缓解,失眠,血糖,胃镜
检查,腹痛,恶心,呕吐,打嗝
反酸,反而,症状,明显,吞咽,腹泻,好转,尽快,胃镜,片
饮食,规律,嗳气,恶心,大便,症状
感染,复查,治疗,方案
绞痛,抗生素
全身,乏力
浑身,胃口,恶心,胸口
便秘,大便,干燥
连续,疼痛,咳痰,扁桃体炎
吞咽,症状,反酸,恶心,嗓子,异物
疼痛,伴有,恶心,症状,持续,初步,阑尾,位置
胸口,反酸,基本,胆汁,复发,症状,代替,反复,发作,治疗
发热,呕吐,胃镜,消化,门诊,排除,怀孕,观察
治疗
位置,疼痛,排除,阑尾,酸痛
好转,大便,规律,胃镜
打嗝,呕吐,腹泻,治疗,检查
饮食,避免,辛辣,刺激
敏感,偏,检查,怀孕,功能,哺乳
反酸,症状,食物,腹部,胃镜,检查,大便,药物,发炎
饮食,规律,腹痛,片,腹泻
剧烈,疼痛,位置,大便,症状,持续
憋,腹痛,呕吐
检查,大便
规律,刺激,食物,按摩
片,症状
疼痛,类似,饮食,腹泻
食物,腹泻,症状,着凉,导致,鼻涕,大便
息肉,属于,规律,良好,暴饮暴食
隐痛,伴有,缓解,排便,腹痛,输尿管
位置,疼痛,大便,异常,部位,胰腺,胰腺炎
背部,肌肉,酸痛,着凉,辛辣,油腻,饮食,表现,症状
腹部,发热,检查,缓解,粒细胞
腹痛,位置,症状,大便
消化,激素,腹痛,发热,症状,副作用,止血,片
反复,便秘,药物,蔬菜,尽量,刺激
大便,疼痛,肛门,疙瘩,肛裂,处理,治疗,保持
消化,规律,饮食
处理,排气,疾病
痉挛,疼痛,疲劳,胃镜,检查,药物
大便,便秘,改善,排便
口臭,药物,检查,口腔
辛辣,饮食,规律,反酸
绞痛,痉挛,症状,全身,乏力,呼吸,烫
打嗝,胸口,反酸,腹痛,胃镜,症状,食管,治疗
专家,手指,疼痛,强烈,饮食,规律,调整
疼痛,部位,口腔,食物,功能,消化
部位,便秘,反酸
恢复,哺乳,药物,消化,表现,确定
腹痛,恶心,呕吐,检查,药物,治疗
反酸
疼痛,肺活量,平常,缓解,持续,饮食,反酸
规律,作息,检查,治疗
胃口,试验,感染,根除,治疗,饮食,明显
疾病,胃镜,消化,腹部,恶心
腹部,大便,疼痛,表面
规律,尽量,饮食,物质
鼻涕,反复,控制,症状,明显,酒精,治疗,发热
恶心,血压,颈椎,检查,白细胞,症状,大便,呕吐
检查,显示,症状,食物,胃镜
便秘,拍,大便,蔬菜,纤维,食物,药物
大便,肿瘤,饮食,导致,药物,治疗,片
疼痛,症状,浑身,发热
胸腔,锁骨,偏,检查,嗓子,症状
腹泻,表现,清淡,饮食,辛辣,食物,黏膜,敏感,导致
反酸
肝,治疗,药物,甲胎蛋白,复查
日常,饮食,特殊,规律,大便,导致,消化
表现,辛辣,食物,清淡,治疗,保养
规律,消炎
反复,胃镜,乙肝,阴性,便血,焦虑,肝
检查,症状,饮食,睡眠
疼痛,大便,尿频,胰腺,疾病,尿路感染
腹泻,大便,恶心,呕吐,发热,全身
症状,反酸
便秘,便血,饮食,蔬菜,保持,大便,排便
疼痛,病史,平常,胃镜,检查,饮食,造成
呕吐,症状,持续,平常,恶心,检查,导致,化验
症状,大便,表面,肛裂
隐痛,大便,检查
症状,大便,确诊,复查,胃镜,排除
恶心,胃口,腹痛
异常,必要,隔离
消化,嗳气,症状,治疗,表现,持续,疾病,频繁,胃镜
腹部,恶心,呕吐,反酸,腹泻,症状,观察,饮食,痉挛,消炎
连续,恶心,持续
治疗,疼痛,饮食,规律,辛辣,刺激,食物,检查,胃镜
胸口,症状,恶心,呕吐,反酸,熬夜,颗
小便,排尿,药物,腹泻
打嗝,反酸,大便,胸口,检查,胃镜,病史,刺激,食管,规律
口腔,龋齿,疾病,属于,模糊
胃镜,检查,症状,分泌
治疗,类似,糖尿病,调整
腹痛,食物,着凉,治疗,消化,随时,药物,片,缓解
辛辣,刺激,大便,控制
大便,症状,胃口,打嗝,观察
腹部,背部,放射,大便,平常
怀孕
检查,饮食,清淡,药物,大便,尽量,避免,辛辣,刺激,食物
嗳气,打嗝,大便,胃口,反酸
阳性,打嗝,胃镜,症状,根治,抗生素,青霉素,过敏
以及,粉末,化验,大便,症状,腹泻,防止,补液,缓解
恶心,怀孕,清宫,复查,早孕
大便,腹痛,药物,治疗,感染
症状,腹部,大便
治疗,刺激,药物,缓解,位置,胃镜,忍受
大便,检查,治疗,胃镜
部位,胃口
反酸
恶心,治疗
打嗝
胎动,便秘,忍受,大便,好转,部位,怀孕
缓解,腹痛,检查,治疗
饮食,清淡,油腻,保持,吸收,乐观
疾病,检查,乙肝,心脏,药物,部位,片
腹痛,大便,反酸,辛辣,刺激,食物,规律,失眠
持续,消化,伴随,辛辣,胃镜
腹痛,便秘,大便,观察,诊断,胃镜,检查,空腹
大便
成人,过敏,诊断,胸闷,症状,消化
大便,小便,腹部,输尿管,前列腺,膀胱,包括
尿量,尿道,血糖,导致
口臭,饮食,清淡,改善,检查,胃镜
大便,腹痛
恶心,导致,辛辣,刺激,食物
感染,治疗,口臭,恢复,确定,细菌,大便
臭,腹痛,体重,辛辣,紊乱
回声,腹痛,症状,恶心
饮食,规律,恶心,腹泻
着凉,腹痛,呕吐,发热,症状,位置
伴随,臭,检查,大便,治疗,药物
腹泻,紊乱,大便,异常,情绪
持续,大便,饮食,规律,辛辣,油腻,反酸,食物
着凉,反酸,恶心,呕吐
症状,专家
嗓子,持续,大便,反酸,胃口,弱
连续,症状,明显,胃镜,油腻,辛辣
腹部,疼痛,症状,腹痛,食管,隐痛,检查
症状,补充,发热,干扰素,导致
食物,腹泻,刺激,反应,成分,敏感
药物,胃镜,恶心,胸口
大便,便秘,肛门,肛裂
腹部,食物
消炎,止痛,药物,缓解
亚健康,补充,治疗,产生,大便,副作用,婴儿,脾
呕吐,腹痛,痢疾,显示,片
大便,刺激,规律,熬夜
恶心,反酸,大便,排便
症状,腹痛,大便,异常
食欲不振,消化,熬夜,油腻,饮食,持续,部位,腹部,大便,规律
劳累,腹部,大便,腹痛
打嗝,症状
疼痛,规律,反酸,症状,治疗
食管,大便,肛门,疙瘩,破裂,便血,腹泻,促进
熬夜,症状,刺激,油腻,暴饮暴食
持续,打嗝,排气,腹部,疼痛,明显,食物,治疗
胃镜,检查,确诊,症状
排便,大便,饮食
胃口,促进,消化,治疗,医嘱,就诊,检查,胃镜
排便,腹痛,便血,属于,便秘,电解质,治疗,现象,药物
油腻,恶心,呕吐,明确,病史,饮食,症状
打嗝,嗳气,症状,胃镜,检查
症状,大便,腹痛,排便,缓解,小便,明显
隐痛,绞痛,怀孕,哺乳,检查,早孕,反应
大便,连续,睡眠,情绪,失眠,尖锐湿疣,调整,心理,表现
腹痛,腹部,位置,疼痛,反酸,打嗝,绞痛,缓解,观察
痉挛,缓解,反而,症状,肌肉,抽搐
位置,绞痛,伴随,症状
导致,尿液,化验,治疗,消炎,片,空腹
尽量,就诊,检查,近视,禁食,胃镜,腹泻,疼痛,持续,消炎
恶心,检查,排除,妊娠,怀孕
排便,体重,排气,饮食
青霉素,过敏,接触,阴性
着凉
憋,嗳气,大便,反酸,恶心
疼痛,隐痛
辛辣,刺激,情绪,大便
大便,便秘,排便,属于,软,化验,消化,功能
平常,饮食,腹部
连续,反酸,隐痛,平常,熬夜,饮食,规律,睡眠,缓解
吸收,消化,产生,平常,熬夜,饮食,规律,治疗,程度
好转,食物
反酸,嗳气,恶心,缓解,排除,饮食,辛辣,胃镜,检查,痛苦
恶心,呕吐,腹泻,熬夜,下降
尿频,尿急
片,好转,大便,腹痛,排便,缓解,饮食,规律,油腻
异物,打嗝,胃镜,部位,怀孕,症状
反酸,好转,检查,集中
腹部,检查,疼痛,淋巴结,饮食,规律,大便,症状
大便,疼痛
恶心,食物
腰,检查
检查,恶心,反酸,打嗝,药物,治疗,饮食,规律,刺激
绞痛,腹泻,呕吐,部位,发热
发热,食物,腹痛,大便,小便
反酸,大便,改善
恶心,反酸,油腻,大便
大便,母乳,间隔,喂养
便秘,大便,干燥,滴,反酸,打嗝,异常,检查,缓解
症状,食物,辛辣,刺激,饮食,诱因
打嗝,四肢,药物,饮食
大便,腹部
排气,大便,油腻,胃口,症状,造成,消化,退烧
便秘,结肠
大便,静脉曲张,持续,缓解
母乳,确诊,饮食,消化,紊乱
嗓子
大便,便秘
位置,大便,规律,肛门,部位,排便,便秘,直肠,检查
大便,食物,饮食,规律,隐痛
良好,蔬菜,食物,促进
精神,发热,呕吐,症状
接触,腹泻,呕吐,良好,导致
腹部,腹泻,大便
连续,缓解,检查,药物,胃镜,观察,尽快,消化,就诊
症状,着凉,反酸,嗳气
饥饿,呕吐
胃口,位置,反酸
呕吐,膀胱,尿量,排尿,明显,尿频,尿急,大便,肛门
片,打嗝,复查,胃镜
大便,发热,尿急,尿路感染,治疗,药物,过敏,配合,症状
伴随,症状,检查,心脏,胃镜,十二指肠,嗓子
发热
腹痛,大便,缓解,属于,类型,脾
抗生素,适当,反酸
胸口,恶心,位置,疼痛
大便,腹泻,副作用
症状,辛辣,食物,暴饮暴食,空腹
腹部,隐痛,发热,典型,压痛,明显
大便,打嗝,反酸,作息,饮食,胃镜
平常,分泌,食管,缓解,症状,按摩
打嗝,持续,疼痛,食管,症状,胃镜,消炎
腹泻,消化,基本,大便,敏感,饮食,紊乱,表现,抗生素,造成
促进,适当,按摩,腹部,清淡,恢复
腹腔,基本,便秘,大便,促进
中毒,恶心,呕吐,症状,胎儿,排除
油腻,病史,检查,明确
饮食,规律,辛辣,刺激,食物,油腻
食物
呕吐,腹泻,发热
病毒,症状,接触
呕吐,浑身,没劲,缓解,食物,乏力,片,怀孕
便血,大便
大便,臭,刺激,辛辣,油腻,食物,劳累,检查
腹痛,症状,肛门,腹部,发热,刺激,药物,随时,大便
位置,症状,恶心,检查,胃镜,状况
疼痛,浑身,没劲,位置,明显
打嗝,气味
腹部,明显,检查,疼痛,暴饮暴食
症状,预防
大便,疼痛
大便,保持,辛辣,食物,便血,治疗
松弛,症状,避免,暴饮暴食,辛辣,异物
打嗝,反酸,嗳气
反射,胃口,片,刺激
大便,腹痛,观察,直肠
确诊,息肉,费用
食管,康复,反酸,症状
恶心,症状,食物,油腻,辛辣,烫,大便,康复
大便,饮食,腹痛
类似,检查,腹泻,胃镜
便秘,大便,排便,肛门,腹痛,饮食,纤维,必要,治疗
大便,恶心,呕吐,反酸,腹痛,排便,基本,软,偏
打嗝,疼痛
频繁,腹痛
熬夜,大便,腹痛,饮食,平常,功能,紊乱
间歇,排除,肝,胆囊,避免,油腻,辛辣,食物,规律
隐痛,位置,明显,疼痛,症状
症状,诊断,大便,腹痛
打嗝,大便,可见,食物,胃镜
便秘
呼吸,腹痛,位置,腹部
液体,蔬菜,饮食,清淡,恢复,胆汁
干燥,胸口,明显,腹部,检查,体重,大便,隐痛,位置,疲劳
大便,腹泻,恶心,呕吐,药物,片,导泻,便秘
内部,区域,位置,病史,腹痛,食物,物质,敏感,刺激,分泌
肠系膜,疼痛,症状,明显
结肠,直肠,诊断,大便,隐痛,饮食,规律,刺激
恶心,发热,胃口,呕吐,全身,乏力,持续,中暑,缓解,症状
小便,尿频,尿急,规律,消化,憋
恶心,症状,缓解,食物
恶心,症状,油腻,食物
治疗,大便
油腻,辛辣,食物,症状,胃镜,检查,咽部
绞痛,腹泻,现象,大便
胃镜,辛辣,食物,熬夜,情绪,焦虑
部位,手指,缓解
白沫,大便
反酸,分泌,损伤,导致,疼痛,胃镜
检查,皮疹
疼痛,隐痛,绞痛,腹部,症状,典型,十二指肠,检查,胃镜
检查,腹部,症状,乙肝,甲胎蛋白,病毒,复查,大便,小便
感染,治疗,清淡,饮食,辛辣,食物,规律,保持,抗抑郁,彻底
腹部,乙肝,伴有,复查,腹泻
粘连,功能,胃镜,熬夜,饮食,乏力
检查,胃镜
大便,反应
检查,症状,治疗,食物,饮食,规律,保持,胃镜
导泻,空腹,食物,包括,药物,浓度,产生,检查,痛经,腹部
恶心,消化,症状,熬夜,腹部,绞痛,明显
反酸,呕吐,滴,排气,排便
疼痛,功能,紊乱,表现
大便
大便,规律,饮食,发热,腹痛,症状
反酸,疼痛,胃镜,检查,治疗
刺激,确诊,大便,基本
危害,症状,头部,呕吐,检查,明确,病因,眩晕
大便,诊断,伴有,消化,药物,反酸,排便
大便,腹痛,便血,饮食,特殊,辛辣,刺激
疼痛,症状,按摩,胰腺炎,胃镜,内镜
恶心,补液,大便,浑身,表现,腹泻,腹痛
隐痛,大便,综合征,治疗
药物,治疗,症状,便秘
恶心,症状,补充,憋,食物
油腻
打嗝,缓解,腹泻,胸口,类似,状况,检查,部位
肛门,大便,表面,便血
疼痛,剧烈,呼吸,持续,反酸,大便,辛辣,刺激,食物,确定
频繁,大便,便血,规律
连续,腹泻,饮食,大便
隐痛,大便,位置,治疗,方案,饮食,清淡
乏力,症状
大便,十二指肠,复查,便秘
病毒,症状
持续,腹泻
体重,发热,乏力,消瘦,小便,明显,大便
检查,遗传
化验,大便
腹部,胃口,大便,检查
脖子
大便,反酸,嗳气,打嗝
排便,腹痛,反酸,打嗝,症状
打嗝,排气,明显,大便,空腹,腹部,检查
油腻,恶心,摸,饮食,规律,打嗝
消化,功能,大便,便秘,反酸,嗳气,症状,补充,乏力
便秘,液体,刺激,促进,排便,造成
维生素,叶酸,症状,检查,药物,萎缩
治疗,胸口,症状,胸闷,胃镜,抗生素,处方,副作用
检查,疼痛,附件,结石,呕吐
胸部,疼痛,症状
乏力,臭,口臭,反酸,胃镜
胃镜,胆汁,体重,症状,反酸,治疗,情绪,胆囊,好转,明显
便血,伴随,检查
恶心,发热,嗓子,恢复
皮炎,营养,导致,化验,检查,血小板
腹泻,大便,腹痛,检查
大便,干燥
便秘,腹部,触诊,明显,检查,大便,蔬菜
暴饮暴食,伴随,症状,腹泻
腹泻,细菌,感染,治疗,腹部,大便
持续,平常,腹痛,发热
恶心,症状,食物,保持
症状,恶心,呕吐,大便
症状,便血,大便,缓解
排便,便血,大便,检查
连续,大便
腹痛,恶心,乏力
疾病,饮食,规律,刺激,暴饮暴食
临床,症状,胃镜,感染,显示,良好,胆汁
腰,饮食,规律,作息
药物,腹痛,大便
尽量,饮食,敏感,按摩,状况,伴随,疼痛
部位,偏,腹泻,以及,大便,异常,腹部,排便,便秘,症状
腹痛,反酸,恶心,呕吐,位置,剧烈,检查
询问,大便,腹痛,恶心,胃镜
白细胞,复查,胸部,症状,腹泻
代替,症状,检查,修复,吸收
便血,大便,检查,病史
乏力,食欲不振,恶心,大便,干燥,排除,早孕
轮状病毒,腹泻,传染,全身,类似
胃镜,症状,补充,大便,治疗,腹泻
症状,补充,恶心,呕吐,恢复
腹部,痉挛,肌肉,容积,适当
伴随,恶心,现象,消化,产生,症状,全身,属于
隐痛,腹痛,肋
大便,辛辣,刺激,油腻
腹痛,肛门,大便,肛裂,保持,持续,疼痛
胃镜
连续,大便,恶心,呕吐,打嗝,症状,便秘
拍,缓解,导致
胸骨,吞咽,食管,消化,检查,胃镜,抗生素
呕吐,反酸,打嗝,消化,治疗,胃镜
胸腔,疼痛,粗糙,反酸,恶心
症状,恶心,怀孕,胃镜,缓解,表现,检查,部位,大便,形态
大便,便秘,摸
大便,腹痛,检查,心脏,不足
片,消化,药物
大便,治疗,发热,恶心,呕吐
腹泻,退烧,心脏,治疗,药物,阿司匹林,频繁,大便,刺激
疲劳,乏力,精神,胃口,导致,专家,检查,处理
便秘,大便,复发
持续,食物,刺激,缓解
排便,症状,大便,肛裂
打嗝,腹痛,反酸,疾病,胆汁,检查,大便,便秘,胃镜
检查,臭,紊乱,规律,粗糙,纤维
电解质,观察,尽量,综合征,大便,隐痛,油腻,压痛
大便,基本,明显,片,反而
食物,熬夜,饮食,移动,疾病
喂养,空腹,康复,疼痛,胃镜
消化,药物,反应,反酸,打嗝,恶心
疼痛,手指,位置,大便,检查,怀孕,便秘,规律
大便,干燥,排便,反酸,恶心,呕吐,打嗝
大便,腹部,肛门,呕吐,检查
便秘,大便,干燥,体重,腰
大便,腹痛,性质
检查,阿司匹林,睡眠,症状,剖宫产,维生素
大便,发热,症状
排便,吃力,持续,反酸
病史,检查,药物,治疗,食物,刺激,空腹,处理
疼痛,排气,症状
疼痛,明确,排除,疾病,压迫,辛辣,刺激,必要,咽部
便秘,肛裂,应用,治疗
反酸,恶心,症状,大便,便秘,缓解,排除,十二指肠
大便,排便,间隔,饮食,体重,检查,胃镜,胸部
清除,阴性,反酸,嗳气
腹部,大便,便秘,直肠,检查,结合,类似,症状,肿瘤
治疗,症状,大便,腹泻
口腔,症状
基本,缓解
部位,位置,清淡,消化
复查,指标,年纪
反复,发作,饮食,规律,检查,维生素
大便,检查,胃镜,伴有,嗳气,疼痛,症状
胆汁
大便,腹部,检查,症状,肛门
饮食,食物,避免,以及,纤维,规律,含量
导致,打嗝,恢复,产生,检查,胃镜,辛辣,刺激,食物,反酸
萎缩,恢复
病史,大便
大便,腹部,乏力,伴有,呕吐
隐痛,大便,部位,腹部,治疗
恶心,反酸,嗳气,胃镜,试验,规律,饮食
便秘,膀胱,过度,尿频,尿急,刺激,尿路感染,治疗
腹泻,空腹,缓解,清淡,辛辣,食物,消化,敷,腹部,造成
恶心,腹泻,伴有,症状,呕吐
伴有,症状,明显,臭,大便
发作,吸收,程度,状态,液体,功能,紊乱,治疗,观察,药物
大便,症状,现象,胸口
发热,反酸,症状,造成,饮食,辛辣,刺激,食物,导致,分泌
大便,平常,排气
恶心,排便,睡眠,改善
大便,排便,肛门,疼痛,食物
发热,消化,母乳
腹泻,油腻,辛辣,导致
腹部,浑身,大便
消化,诱因,大便,淋巴结,腹痛,腹部
恶心,大便,打嗝,排气,饮食,规律,暴饮暴食,吸收,药物,症状
频繁,嗓子,反复,药物
腹部,隐痛,部位,导致,消化
伴随,位置,不足,消化道,不良,促进,消化
腹泻,便秘
大便,小便,饮食,规律
便血,大便,初步,肛裂,治疗,便秘,导致
病史,平常,反酸,打嗝,恶心,呕吐,表现
大便,着凉,避免,油腻,辛辣,食物,规律
疼痛,胸腔,油腻
恶心,呕吐,腹泻,便秘,反酸,嗳气
排便,便秘,大便,怀孕,症状,腹部,药物,治疗
大便,腹痛,排气,饮食
隐痛
腹痛,呕吐,大便
恶心,呕吐
大便,口臭
症状,持续
便秘,排便,检查,药物,门诊,饮食,钙
淋巴细胞,症状,发热,白细胞,肝,熬夜
腹部,内脏,神经,睡眠,频繁
大便,现象,改善,发作
呕吐,清淡,饮食,规律,避免,辛辣,食物,必要,药物,消化
刺激,辛辣,油腻,食物,劳累,功能,检查,避免
药物,以免,产生,破坏,适当,定期,恢复,腹泻,腹痛
口臭,牙龈,治疗,症状,补充,检查,反酸,消化,疾病
大便,肛裂,辛辣,食物,熬夜,检查,费用
大便,辛辣,食物,部位,转移,症状
腹部,恶心,腹泻,大便,紊乱
刺激,辛辣,食物,部位,恶心,呕吐
打嗝,明显,摸,浅,紊乱
感染,症状,恶心,反酸,过敏
消化,大便,发热
大便,肛门,疼痛
消化,胃镜
腹部,疼痛,大便,浑身,乏力
腹部,隐痛,伴有,呕吐,食物,部位,大便,干燥,便秘
胰腺炎,好转,检查,治疗,细菌,感染,抗生素,腹部
特殊,以及,便血,症状,治疗,疾病,肋
便秘,大便,排便,规律,腹痛,药物,垂体,怀孕,观察
大便,类似,症状
打嗝,胃镜,检查,排除
恶心,症状,眩晕,卧床,好转,观察
绞痛,大便,检查
消化,明显,嗳气,反酸,胃口,症状
药物
腹泻
腹痛,反酸
症状,恶心,呕吐,反酸,打嗝,小便,肛门,排气,剧烈,持续
小便,便秘,尽量,大便,症状
位置,隐痛,胃镜,胆囊,息肉
大便,排便,饮食,作息
腹痛,恶心,呕吐,反酸,嗳气,大便,十二指肠,胃镜,检查
规律,刺激,隐痛,药物,治疗
呕吐,伴有,肛门,检查,大便
大便,辛辣,刺激
饮食,清淡,药物,改善,症状
浑身,恶心,呕吐,持续,症状,眩晕
自愈,食物,发作,避免,辛辣,刺激,饮食,恢复
打嗝,反酸
疾病,大便,腹痛,症状
腹泻,便血,检查,大便,急诊,感染,症状,腹痛,精神
持续,大便,部位
持续,胃口,位置,恶心,呕吐
控制,饮食,以及,药物,治疗,检查,规律,感染
胃口
持续,腹部,打嗝,病史,大便,疾病,紊乱,检查,治疗,排气
大便,症状,辛辣,刺激,食物,现象,持续
便秘,大便,软,排便,规律,饮食,形成,神经,反射
背部,前列腺,异常,恢复
恶心,呕吐,现象,浑身,酸痛,症状,结合
频繁,辛辣,食物,紊乱,清淡
片,药物,抗生素,发热,治疗,症状
腹痛,腹泻,大便,呕吐
腹部,打嗝,缓解,明显,饮食,辛辣,刺激,规律
大便,症状,腹痛,脾
类似,痉挛,疼痛,恶心,呕吐,缓解,现象
缓解,反酸,发作,排除
反酸,疼痛,明显,检查,饮食,规律
连续,恶心,呕吐,隐痛,强烈,腹泻
大便,胃镜,辛辣,油腻,饮食,治疗,药物
疼痛,诱因,结石,大便,小便,绞痛,性质,症状
腹部,大便,饮食,食物
排便,消化,症状,治疗,检查,平常
绞痛,妊娠,排除,持续,缓解,大便
胃镜,初步,紊乱,疾病,反复,饮食,片
恶心,发热
排便,腹泻,便血,过敏
腹泻,食物
传染,途径,饮食,消化道,传播,感染,根除,治疗
恶心,检查,导致,咽部,症状
大便,腹痛,腹部
恶心,呕吐,空腹,着凉,饮食,感染,大便
大便,饮食,食物,规律,必要,吸收,消化,导致,治疗
腹部,神经,疼痛,强烈,位置,心脏,持续,检查
打嗝,乏力,检查,治疗
持续,恶心,腹部,大便,频繁
刺激,油腻,食物,大便,清淡,缓解,观察,腰
范围,疾病,肝
状态,症状,反酸,打嗝
胸口,疼痛,胃镜,打嗝,恶心,呕吐
大便,症状,促进,排便,反射,便秘,病史,复查,饮食
鼻涕,大便,消化,功能,紊乱
大便,腹泻
大便,肛门,疙瘩,干燥,排便
伴有,排便,排气,阑尾,切除,症状,大便,肌肉,排除,位置
绞痛,持续,疼痛,缓解,症状,诱因,发作,便血,大便
恶心,平常,熬夜
胸口,排除,症状,胆汁,配合
十二指肠,打嗝,饮食,片,分泌,促进,确诊,胃镜,检查
特殊,食物,紊乱
胸口,循环,检查,发作,胸闷
便秘,导致,症状,大便
症状,单位,复查,空腹,药物,咀嚼,辛辣,指标
部位,排便,功能,紊乱,治疗,暴饮暴食
腹泻,大便,诱因,表现
嗓子,诊断,避免,规律
臭,气味,食物,生长,熬夜,饮食,导致,大便
大便,刺激,食物,疼痛
打嗝,恶心,伴有,诊断,胃镜
着凉,退烧,位置,恶心,排便,消化,刺激,便秘
大便,症状,干燥,便秘,饮食,辛辣,食物,清淡,紊乱
劳累,着凉,腹泻
呕吐,酒精,刺激,以及,剧烈
刺激,胸口,位置,部位,饮食,烫,胃镜,检查
打嗝,反酸,腹痛,腹泻,排除,消化道,疾病,检查
症状,疼痛,检查,规律
反酸,打嗝,胃镜,检查,明确,诊断,治疗,浅
打嗝,恶心,呕吐,症状
诱因,食物,恶心
症状,饮食,大便
食欲不振,饮食,规律,大便,频繁,刺激,食物,压痛
疾病,检查,治疗,表现,症状,频繁,大便,便秘
好转,着凉,缓解,疼痛,持续,片
全身,控制,血压,药物
恶心,腹泻,部位,烫
大便,检查,腹泻,恶心,呕吐
心脏,排气,程度,呕吐,发热,忍受
基本,腹痛,缓解,饮食
着凉,伴有,酸痛,清淡,检查,症状,特殊,食物
食物,平常,频繁,功能,胃镜
肝掌,发热,检查,乙肝
平常,大便,熬夜,功能,紊乱,表现
呕吐
症状,乏力,消失,过敏
恶心,精神,饮食,治疗,吸收
胃镜,反酸,大便
大便,表面,排便,疼痛,肛门
下肢,乏力,大便,排便
功能,紊乱,改善,腹痛,呼吸,抗生素
痉挛,缓解,胃镜,相关,辅助,检查,感染,费用,明确,消化
胃口,类似
胃口,乏力,没劲,肝,复发,排除,异常,检查
药物,肛门
排便,大便,排气,呕吐,腹泻,腹痛,症状,状态
大便,肛门,便秘,检查,药物,体重,饮食
避孕,怀孕,破裂,排除,症状
胃镜,部位,辛辣,刺激,油腻
剧烈,腹部,腹泻,导致
检查,复发,消化,饮食
饮食,腹部,连续,赶紧,尽量
乙肝,抗体,属于,范围
腰,酸痛,症状,疼痛,持续,尿频,尿急,腹泻,便秘,部位
食物
着凉,缓解,疼痛,绞痛,隐痛
乏力,嗜睡,恶心,症状,平常,饮食,规律
剧烈,腹部,呕吐,明显,食物,诱因
胃口,胃镜,治疗,片
打嗝,胃镜,检查,反酸,呕吐,功能,紊乱,暴饮暴食
敏感
预防,防止,手指,大便,排除,寄生虫
症状,食物
反酸,恶心,症状,急诊,消化,胃镜
排便,症状,便秘,反酸,胃口
症状,收缩,疼痛,表现,阴道,瘙痒,以及,痛经
部位,尽快,腹部,排除,急腹症,阑尾,以及,卵巢,蒂,扭转
打嗝,胃口,治疗,改善,食物,规律,反复,反酸
治疗,配合,好转,消化
缓解,反酸,呕吐,便秘,症状,检查,大便
发热,大便,类似,症状
恶心,抗生素,药物,症状
浑身,伴有,恶心,症状,发热
便秘,便血,排便,腹痛,憋,大便
大便,平常
胸口,背部,疼痛,明显,恶心
辛辣,刺激,食物,药物,恶心
便秘,处理,大便,熬夜
观察
腹痛,便秘,疼痛,排便,大便,强烈
就诊,大便,确诊,持续,检查,治疗,空腹,饮食,辛辣,现象
大便,辛辣,刺激,食物,疼痛
反应,饮食,规律,清淡,辛辣,食物,偏
腹部,腰,疼痛,消失
治疗,症状,喉部,感染,扁桃体炎,发作,泌尿系统,尿路感染,包括,肾盂肾炎
便秘,大便,饮食,腹痛,腹部,规律,平常
片,以及,综合征,咀嚼,伤害,胃镜,反酸,饮食,规律,刺激
大便,类似,症状,便秘,现象,干燥,就诊,医嘱
造成,防止,部位,刺激
病史,打嗝,明显,基本,排气,反酸
大便,消化,调整,饮食
诱因,食物,接触,病例
腰,腹泻,呕吐,疾病,腹部
大便,伴有,症状,补充,饮食,基本,检查
胃镜,反酸,症状,辛辣,食物,缓解,感染,治疗
位置,大便,清淡
胆汁,胃镜,饮食,治疗
清淡,饮食,辛辣,食物,单纯,药物,配合,产生,膈
器官,部位,疼痛,隐痛
饮食,规律
恶心,反酸,腹痛,饮食,特殊,辛辣,刺激,食物
促进,药物,缓解,清淡
疼痛,症状,恶心,部位
糖尿病,血糖,控制,调整,饮食,胰岛素,注射
反酸,症状
症状
反酸,症状,饮食,规律,异常
疼痛,腹痛,大便,饮食
大便,饮食,规律,辛辣,油腻,食物,蔬菜
便秘,尿酸,表现,大便
缓解,油腻,腹泻,检查
药物,血压,检查,必要
臭,便秘,饮食,规律,母乳,现象,功能,紊乱,治疗
大便
胃镜,治疗,反酸,症状,检查
便秘,肛裂,憋,属于,大便,干燥
胆囊,胆总管,隐痛,淀粉酶,保持,疾病,诊断
恶心,着凉,类似,以及,暴饮暴食,止痛
缓解,部位,疼痛,按摩
便秘,着凉,发热
摸,膈,规律,排便,反酸,胃镜,检查,以及,胸口,症状
腹部,明显,大便,饮食,消化,特殊,表现
反酸,检查,胆囊,片,消化,胃镜
大便,软,症状,补充,持续,反酸,恶心,呕吐
睡眠,空腹,反酸,打嗝
臭,状况,饮食,规律,连续
大便,液体,便秘,反酸
异常,表现,症状,观察,处理,刺激,恶心,呕吐,腹泻
大便,腹部,发热,便秘
紊乱,治疗,功能,观察,缓解
疾病,持续,麻木
白细胞,细菌,感染,康复
腹痛,症状,治疗,检查,紊乱
消化,打嗝
胃镜,明显,发作,饮食,戒
大便,腹泻,胃口
初步,饮食,反应,明显,规律,症状,尽量,检查,胃镜,治疗
大便,状况,治疗
敷,四肢,检查,明确
口臭,检查,胃镜
浑身,全身,消化
单位,恶心,隐痛,压痛,鼻涕,药物
反酸,单位
胃口,消化,情绪,饮食,缓解,恢复,头部
大便,检查,紊乱
绞痛,伴有,打嗝,大便,辛辣,刺激,检查,腹泻
胃镜,复查,康复,缓解
治疗,症状,表现,胃镜
十二指肠,切除,反酸,呕吐
腹泻,海鲜,消炎
大便
腹泻,绞痛,腹痛
大便,反酸,恶心,呕吐,规律,持续,状况,检查
便秘,大便,年纪,疾病,腹泻,不足,病史,干燥
便秘,湿润,生育
胸口,基本
大便,腹泻,导致
大便,刺激,消除,修复,观察
食物,腹部
伴随,恶心,症状,反酸,位置,空腹,排气,疼痛,胸部,发热
大便,腹部,疼痛,缓解
食物,反应
便秘,检查,大便,连续,药物,蔬菜
症状,门诊,治疗,腹泻,状况,感染,药物
治疗,检查,消炎,胃镜
康复,十二指肠,必要,药物
油腻
食管,打嗝,反酸,胸骨,症状
检查,范围,食物,消化,蔬菜
胸口,药物
检查,刺激,辛辣,油腻,食物,打嗝,反酸
疼痛,转移,辛辣,位置
位置
隐痛,呕吐,强烈,诊断,医嘱,保养
反酸,腹痛,暴饮暴食,食物
分泌,萎缩,症状,按摩,治疗,大便,疼痛
反酸,乏力,胃镜,胆汁,持续,缓解
恶心,呕吐,腹泻,导致,接触,大便
便秘,牙龈,反而,导致,睡眠,失眠,胃镜,检查,腹泻
症状,吞咽,缓解,体重,下降,肩胛骨,酸痛,诊断,检查,复查
嗓子,打嗝,食物,病史,呕吐
部位,大便
连续,打嗝,以及,治疗
腹痛,伴有,腹泻,间隔
大便,必要,基本,综合征
胆汁,治疗,反酸,疼痛,胃镜,诊断,结合,症状,必要
大便,恶心
腹部,体重,疾病,大便,便秘,打嗝,症状
油腻,饮食,辛辣,刺激,抑郁
反应
腹痛,辛辣,刺激
呕吐,异物,缓解
拍,结肠,智齿,胆囊,绞痛,诱因,大便
排气,鼓膜,软,腹痛,检查,阑尾,切除,明显
疼痛,呕吐,反酸,打嗝,辛辣
询问,相关,配合,腹痛
消化,试验
嘴唇,大便,小便,症状,结合,分析,典型,饮食,油腻,辛辣
腹部,功能,紊乱
腹泻,类似,腹痛,液体,大便,片
症状,明显,受伤,恐惧
连续,大便,腹痛,饮食,清淡
打嗝,腹泻,腹痛,症状,大便,好转,油腻,刺激,食物
大便,分析,功能,紊乱,清淡
饮食,治疗,属于,药物
大便,干燥,片,明显,药物
疼痛,阑尾,位置,病史,怀孕,阴性
精神,食物
呕吐,恶心,发热,腹痛,腹部,明显,排便
胃镜,恶心,现象,检查,辛辣,油腻,食物,复查,治疗
油腻,食物,脾,乙肝,化验,异常,清淡,饮食,甘油三酯
腹泻,尿频,恶心,大便
反酸,打嗝,恶心,辛辣,刺激,食物
怀孕,呕吐,消炎,药物,清淡,饮食
打嗝,反酸,连续,暴饮暴食,检查,状况,持续,胃镜,大便
症状,尽量,辛辣,刺激
反酸,打嗝,特殊,饮食
副作用,连续,症状,缓解,腹痛,排便,以及,腹部,胃镜,检查
腹部,疼痛,辐射,腹痛
大便,片,清淡,饮食,持续,观察
症状,发作,检查,痔,单纯
大便,平常
治疗,症状,阑尾,位置
腹部,疼痛,大便,部位,饮食,规律,辛辣,油腻
食物,恶心,呕吐,反酸,饮食,平常,必要
大便,腹痛
部位,恶心,呕吐
恶心,现象,腹泻,变质,发作
恶心
反酸,嗳气,大便,饮食,胃镜
胃口,胸闷,胸口,打嗝,反酸,检查
食管,导致,胸闷,基本,检查,呼吸,打嗝
紊乱,饮食,规律
位置,持续,疼痛,恶心,呕吐,症状,疾病,检查
息肉,症状,结肠,切除,必要,刺激,大便,憋
乙肝,检查,监测,胸闷,下降,心脏,胃镜
腹泻,缓解,紊乱,必要,饮食
嗓子,好转,诊断,症状
排便,导致,清淡
隐痛,软,治疗,症状
大便,肛门
消化
呼吸,导致
抗生素,中暑
反复,发作,检查,症状,明显
排便,腹痛,反酸,症状,消化,呕吐
偏,部位,反酸,呕吐,便秘,症状
偏,疼痛,小便,腹痛,部位
治疗,片
大便,腹痛,治疗,反应,好转
隐痛,嗳气,恶心,呕吐,检查,腹痛,位置,睡眠
隐痛,缓解,大便,规律,病程
呕吐,胆汁,确定,乏力,静脉
腹部,失眠,症状
好转,症状,恶心,反酸,刺激,持续
腹痛
胃镜,十二指肠,症状,消失,明显,状态,复发,药物,感染
大便,干燥,排便,明确,诊断
胸闷,恶心,症状,劳累,刺激,胃镜
大便,恶心,饮食,平常,症状
疼痛,恶心,症状,补充,辛辣,刺激,检查
腹部,大便
腹痛,症状,胃镜,油腻,检查
检查,阳性,症状,药物,治疗,胃镜
大便,平常,综合征,就诊
规律,大便,部位
疼痛,症状,缓解,发炎,位置
腹腔,表现,过敏,腹部
副作用
大便,恶心,呕吐,症状,改善,明显
绞痛,恶心,症状,大便,排便,缓解,反酸,腹部,疼痛,打嗝
恶心,腹痛,反酸,大便,食欲不振,饮食,规律,辛辣,刺激,食物
排便,现象,功能,紊乱,肿瘤,大便,检查
反酸,异常,检查,药物
控制,排除,食物,类似
大便
胆汁,胃镜,症状,明显,阴性,便秘,系统,治疗,蔬菜
胃镜,检查,联合,应用,配合
恶心,呕吐,症状,初步
胸闷,呼吸,恶心,症状,病史,规律,饮食,腹痛,反酸,打嗝
大便
固定,位置,腹泻,呕吐,抗生素,好转
饮食,清淡,紊乱
症状,明显,消化,食物,大便
大便,腹泻,频繁,症状,检查,化验,肿瘤,胃镜
恶心,状况,反酸,打嗝,胃镜
大便,便秘,症状,辛辣
大便,怀孕,便秘
恶心,呕吐,反酸,清淡,饮食,治疗,片,造成,大便
治疗,糖尿病,药物,片,胃镜,刺激,胰岛素,单位
持续,隐痛,位置,缓解,疼痛,阴性,伴有,检查
腹痛,疼痛,大便
腰,检查
嗓子,吞咽,辛辣,刺激,食物,饮食,规律
反酸,症状,位置
打嗝,胃镜,饮食,辛辣,过敏
排便,腹泻,确定,排气
消化,饮食,规律
腹痛,大便,饮食,辛辣,刺激,腹泻,食物
排便,恶心,大便,腹痛,药物,反酸,症状,缓解,明显
腹部,大便,检查,食物,年纪,明确,病因,治疗
便秘,情绪,节奏,合理,抑郁,肛裂
明显,位置,以及,反酸,症状,胃镜,检查
打嗝,胃镜,检查,胆汁,症状,特殊,治疗
食欲不振,腹泻,造成
恶心,反酸,打嗝,检查,胃镜
大便,疼痛,检查
消炎,明显,大便,症状,胃镜
嗳气,平常,熬夜,饮食,规律,辛辣,刺激,食物
恶心,耳鸣,情绪,大便
呕吐,刺激,辛辣,油腻,食物,劳累,检查
自觉,症状,打嗝,消化,功能,病历
精神,腹部,腹泻,小便,胃镜
连续,呕血,大便,显示,饮食,内镜
胃镜,检查,伤害,麻醉,药物
症状,大便,腹泻,导致,清淡,食物,避免,油腻,改善
口腔,嘴唇,检查,乙肝,反酸,臭,反应,感染
造成,明显,食物,便秘,疾病,因素,排除,症状,药物
腹泻,便秘,好转,饮食,油腻,大便
反酸,症状,饮食,规律,油腻,食物
腹泻,现象,发热,乏力,位置
反酸,油腻,食物,导致,复发,恶心
腹部,疼痛,位置,大便,恶心,呕吐
反酸,打嗝,药物,检查
症状,补充,恶心,呕吐,现象,大便,腹部
恶心,消化,食物
浑身,症状,大便,腹泻,臭,打喷嚏,属于,嗳气,食物
大便,刺激,规律,伴有
绞痛,耳鸣,胸闷,腹部,位置,压痛,检查,好转
症状,补充,消化,平常,明显,控制,液体,检查,胃镜
维持,嗳气,大便,颗
剧烈,疼痛,伴有,发热,恶心,缓解,绞痛
疼痛,腹痛,大便,部位,刺激
排便,腹泻,哺乳,药物
肛门,检查,胃镜,血糖,血脂,睡眠
症状,检查,康复,饮食,暴饮暴食
大便,全身
腹部,胸骨,位置,打嗝,排气,拍,缓解,检查,胃镜,持续
复发,产生,彻底,根除,症状,胃镜,明显,感染,细菌
症状,大便,紊乱,片
连续,复发,胃镜,症状,反酸,打嗝,睡眠,胃口
打嗝,痛经,导致
胃镜,打嗝,观察,活检
腹痛,腰,辛辣,刺激,食物,导致,缓解,疼痛
腹痛,绞痛,辛辣,刺激,症状,着凉
恶心,绞痛,大便
大便,片,好转,基本,刺激,因素,排便
食物,腹部,部位,肛门,恶心,呕吐,绞痛,腹泻,痢疾
大便,腹部,治疗,药物,血压
食物,大便,片
大便,全身,症状,胃口
持续,反酸,打嗝,检查,药物,息肉,切除
饮食,大便,反酸,恶心,呕吐,打嗝,导致
大便,排除,便血,肛裂,油腻
大便
改善,大便,基本,特殊
打嗝,症状,食欲不振,憋,缓解
大便,腹部,疼痛
大便,清淡,饮食,油腻
复查,症状,明显,方案,胃镜,浓
浑身,四肢,恶心,呕吐,发热,感染
肛门,造成,治疗,油腻,暴饮暴食
疼痛,类似,症状,尿急,尿频,膀胱,治疗,腹痛,尿路感染
腹泻,大便,便秘,片,属于
气味,腹痛,药物
摸,腹痛,恶心,呕吐,神经,敏感,排便
明显,饮食,规律
疼痛,胃镜,症状,药物,治疗
连续,持续,大便,疼痛,排便
胃口,方案,避免,胃镜
检查,胃镜,反酸,药物,症状,复查
浑身,胃镜,大便,消化,促进
大便
绞痛,疼痛,过度,油腻,相关,辛辣,清淡
大便,位置,明显,敷,消化道
排便,全身,便秘,肛门
药物,治疗,消化,营养,食物,明显
伴有,腹泻,大便,消化,食物,腹部,固定,检查,明显,促进
排便,强烈,饮食,作息,诱因,症状,疼痛,基本,导致,清淡
打嗝,反酸,大便,顺畅,干燥,检查,片
饮食,油腻
直肠,巨大,息肉,大便,结扎,现象,饮食,保持
反酸,大便,形态,胃镜,症状,功能,检查
导致,油腻,紊乱,基本,连续
伴有,症状,治疗,疼痛,表现,刺激,观察
饥饿,症状,肿胀,糖尿病
胃镜,功能,必要,检查,治疗
全身,食物
症状,全身,发热,测量,烫,平常,持续,痢疾
恶心,腹泻,症状,打喷嚏,食物,退烧
着凉,大便
缓解,部位,大便
恶心,排便,淋巴结,检查
胃镜,大便,失去,检查,单纯
饮食,规律,腹部,药物,症状,浑身,个体,消炎,大便
食物,功能,中毒,发热,腹泻,感染,处理
大便,消化,食物,确定,排除,检查,伤害
发热,症状,恶心,呕吐
嗓子,处理,消化,便秘,缓解,表现,胃镜,检查,病史,胃口
胃镜,治疗,检查,位置,症状
着凉,胃口,浑身,腰,反酸,呕吐,饮食,便秘,症状,腹痛
诱因,食物,恶心
症状,伤害,副作用,便秘,缺乏,缓解,大便
恶心,食物,大便,油腻,刺激,缓解,症状
食欲不振,萎缩,辛辣,酗酒,保持,心态,疾病
海鲜,消化,大便,腹痛,缓解,恶心,呕吐
胃镜,消化,检查,促进,敏感
显示,胃镜,大便,疼痛,规律
基本,症状,恶心,隐痛,处理,复查,胃镜,检查,大便,属于
疼痛,摸,疙瘩,腹痛,症状,反酸,恶心,呕吐,大便,便秘
大便,腹泻,食物,频繁,饮食
治疗,方案,症状,呕吐,腹泻,部位,排除
腹泻
大便,胃镜,检查,打嗝
打嗝,大便,发作,持续
大便,检查,肛裂,便血
胃镜,规律,疼痛,排除
便秘,臭,显示,规律
尿路感染,尿急,尿频,大便
呕吐,腹泻,间隔,恶心,好转,饮食,大便
腹泻,医嘱,观察,副作用
明显,发热,腹部,适当
分泌,尽量,萎缩,确定,食欲不振,精神,嘶哑
大便,疼痛,持续,明显
恶心,检查,药物,性质
便秘,药物,便血,疼痛,肛裂,辛辣,食物,治疗
耽误,消瘦,便血
打嗝,嗓子,消化,紊乱,现象,大便,便秘,类似,缓解
食物
基本,绞痛,胃口,治疗,切除,阑尾,隐痛
绞痛,持续,恶心,呕吐,腹部,部位,疼痛
位置,异物,食管,损伤
大便,蔬菜,腹痛,确定
反酸,嗳气,打嗝
肿瘤,饮食,腹部,呕吐,排气,小便,大便,切除,恶心,现象
打嗝,臭,胃镜,肾,门诊
臭,药物,症状,糖尿病,胰岛素,腹痛,反酸
大便,熬夜,症状,适当,促进
打嗝,嗳气,反酸,类似
腹部,疼痛,结石,感染,尿道
大便
打嗝
治疗,疼痛,诊断,明确,反酸,呕吐,便秘,症状
良好,饮食,规律,食物,纤维,辛辣,腹部
大便,排气,明显,肛门,辅助,排便,糖尿病,导致,干燥
打嗝,反酸
胃镜,饮食,促进,分泌,药物,消化
大便,排便,蔬菜,便秘,观察
胸闷,打嗝,吞咽,胸口,堵塞,强烈,胃镜,检查,治疗
打嗝,专家,紊乱
便秘,大便
腹痛,腹泻,伴随,呕吐,腹部,大便,类似,片,显示
便秘,辛辣,油腻,蔬菜
大便,明显,吃力,部位,腹部,腰,检查,乙肝,症状,消化
胆汁,症状,反复,治疗,辛辣,刺激,油腻,食物,适当,头部
大便,腹痛,恶心,呕吐,腹部
胸口,检查,排除,感染
颈椎,动脉,糖尿病,药物,抗凝
大便,确诊,综合征,状态
缓解,恶心,呕吐
胆汁,频繁,胃镜,治疗,周期,药物,搭配,片,配合,明显
大便,刺激,食物,肛门,疼痛
排便,便秘,肛门,疼痛
症状,呕吐,位置,平常,疼痛
疾病,性质,绞痛,刺激,治疗,检查
症状,大便,便秘
检查,反酸,胸闷
反酸,恶心,呕吐,药物,食物
饮食,反酸,规律,蔬菜,胃镜
明显,腹部,便秘,导致
怀孕,呕吐,反酸
恶心,疾病,自愈
反酸,导致,消化,检查,症状,食管,胃镜,明确,治疗,药物
持续,消化,恶心,明显,检查,症状,移动
反酸
血糖,嗓子,测量,检查,糖尿病,体重
药物,缓解,分析,大便,类似,食物,内脏,胃镜,确定,检查
胃镜,检查,症状
息肉,症状,单纯
腹部,疼痛,症状,腹泻,恶心,呕吐
失去,意识,状况,症状,胆固醇
大便,脓痰,肛门,持续,治疗,检查
呕吐,疼痛,摸,腹部,压痛,位置,持续,小便,缓解
大便,连续,肛门,治疗
大便,腹泻,胃镜,胆汁,导致,规律
饮食,作息,规律,疼痛,类似,位置,大便
检查,胆汁,治疗,反酸,缓解
饮食,作息,规律,辛辣,油腻,刺激,食物
胃镜,检查,症状,确定
副作用,腹泻,必要,肛门,检查,缓解
表现,腹痛,腹泻,大便,片
大便,肛裂,检查,表面
排便,药物,持续,拍,尽量,饮食
位置,大便,胃口,腹痛
腹部,功能,下降,治疗,促进
腹部,腹腔,按摩,缓解
大便,干燥,肛门
绞痛,肛门,疼痛,大便,恶心,呕吐,单纯,便秘,隐痛,类似
止血,肛门
发热,精神
腰,痛苦,补救,打嗝,检查,反复,发作,松弛
打嗝,缓解,伴有,反酸,明显
腹部,症状,平常,辛辣,食物,打嗝,辅助,治疗,酸痛,片
大便,干燥,规律,饮食,蔬菜,家庭
犹豫,感染,细菌
绞痛,肛门,症状,消失,痉挛,腹痛,位于,反应
强烈,油腻,饮食
胆囊,胆固醇,症状,明显,呼吸,阳性,观察,治疗
恶心,反酸,导致,饮食,缓解,显示
大便
恶心,缓解,咀嚼
臭
持续,反酸,打嗝,呕吐,症状,检查,治疗
恶心,腹泻,症状,食物,大便
腹泻,浑身,反应,中毒
症状,补充,腹痛,大便,规律
腹部,位置,发热
呕吐,恶心,强烈,确定
鼻涕,背部,肌肉,酸痛,胸口,四肢,软,维持
伴随,腹泻,症状,明显,反酸,打嗝
饮食,作息,规律,辛辣,刺激,食物,以及,油腻,暴饮暴食,部位
腹痛,大便,饮食,清淡,辛辣,食物,治疗,片
小便,大便
形成,确诊,症状,检查,大便,排除,造成
胆汁,食管,狭窄,胃镜,检查,诊断,症状,复查
食物,清淡,饮食,呕吐
便血,大便
大便,胃口,腹痛,便血
发热,腹泻
抗生素
疼痛,位置,腹部,腹痛,饥饿
药物,怀孕,观察,腹痛,痒
大便,异常,排除,胆汁
必要,液体,症状
症状,腹泻,恶心,呕吐,典型,表现,大便
配合,反酸,嗳气,排气
检查,胃镜
胃镜,治疗
腹痛,大便,疼痛,缓解,蔬菜
大便,肛门,排除,便血,排便,便秘,治疗
片,感染,药物,过敏
大便,持续
腹泻,便秘
胸口,反酸,位置,呕吐,功能
腹部,症状,移动,尿频,现象
消化,位置
治疗,诊断,药物,大便,饮食,清淡,辛辣,食物
改善
大便,现象,药物,饮食,特殊,腹泻,症状,腹痛
检查,试验,空腹,确诊,药物,治疗
退烧,大便,接触
胸部,症状,产生
大便,表面,肛门,便秘,恢复,肛裂,过敏,中毒,间隔
辛辣,饮食
病史
边缘,疼痛,腹部,胸闷,观察
症状,腹泻,浑身,刺激
定期,龋齿,牙齿,检查,平常,食物
类似,辛辣,刺激,食物,反酸,打嗝
大便,便秘,疾病,特殊,表现
肝,治疗,药物,规律,酗酒
治疗,类似,片,排气
十二指肠,症状
症状,检查,饮食,规律,辛辣
大便,干燥,隐痛,异常,反酸,打嗝,恶心,疼痛,部位
检查,症状,胃镜
全身,酸痛
消化,反酸,打嗝,部位,腹部,疾病
疼痛,类似,饮食,规律,紊乱,排除,药物
平常,明显
剧烈,呕吐,大便,检查,便秘
便秘,大便,症状,部位,后遗症,麻木,恢复,复发
口臭,治疗,反酸,检查,息肉,切除,大便
胆红素,症状,腹部,检查,乙肝,药物,酒精
隐痛,大便,症状,持续
酮体,细胞,抗体,症状,恶心,感染,处理,治疗
腹泻,浑身,酸痛,症状,大便,药物
胎儿,大便,绞痛,食物,恶心
腹泻,便血,疼痛,肛门
大便,刺激,腹痛
嗓子,频繁
疼痛,大便,症状,尿频
大便,化验,食物,饮食,导致
症状,腹泻
腹泻,恶心,辛辣,食物,发热,症状,中暑
大便,类似,消化,腹泻,导致,结肠,排便,饮食,清淡,软
持续,隐痛,排气,饮食,腹部,泌尿系统,腹痛
腹部,疼痛,肾
息肉,切除,大便,腹痛,表面,消化,肛门
症状,腹痛,呕吐,排气,规律,避免
大便,便秘,干燥,痛苦,便血
大便,腹痛,饮食,规律
诱因,食物,反酸,腹痛,腹泻
位置,药物,检查,排便,胃镜,大便
全身,没劲,软,过度,症状,胃镜,反酸
恶心,敏感,病史,检查
卧床,症状,分泌,刺激,排气
饮食,烫,症状
恶心,症状
明显,胃镜,大便,排便
治疗,复发,复查,处方
大便,饮食,辛辣,油腻,排便,滴,表面,病史
位置,绞痛,大便,排除,阑尾
全身,恶心,吃力,胃镜,腹痛,配合,饮食,清淡
肛门,不足
恶心,呕吐,腹部
位置,阑尾,尿急,尿频,规律,激素,指标,妊娠,检查
浑身,没劲,规律,疾病
反酸,胸口,状况
规律,部位,疼痛,隐痛,母乳,着凉
浑身,没劲,恶心,压痛
大便,检查,胃口,便血,导致
持续,反酸,打嗝,部位,疼痛,大便,异常
赶紧,恶心,反酸,饮食,规律,刺激,消化,尽量
胸腔,疼痛,食物,胸部,检查,药物,胃镜,口臭
检查,空腹,分泌,胃镜
胃口,药物,治疗
打嗝,胸口,大便,检查
胃口,胸闷,心率,持续,承受,程度,消化
不足,反酸,症状
治疗,消化,发作
大便,腹泻,异常,功能
消化,食物,反酸
功能,胃镜,平常,大便,排气,排便,好转
连续,大便,辛辣,刺激,食物,腹痛,乏力,表面,体重
胃镜,食管,症状
牙龈,胆汁,检查,损伤,药物,精子,症状
症状
复诊,消化,缓解,嗳气,频繁
大便,肛门,疼痛
位置,着凉,大便
恶心,食欲不振,大便,口臭,平常,打嗝,症状,治疗
胃口,现象,明显,憋,疼痛,打嗝,食物,药物,造成
疼痛,大便,检查,胃镜
腹痛,腹泻,恶心,持续,位置,腹部,辛辣,刺激,食物
大便,检查,白细胞
便秘,呕吐,特殊,大便,排便,抑郁,隐痛
便秘,腹部,大便,顺畅
腹部,疼痛,胸口,药物
恶心,腹部,症状,暴饮暴食,伴随,片
腹痛,症状,腹泻
食物,着凉,功能,紊乱,清淡
打嗝,病史,检查,治疗,症状,好转,胆汁,怀孕,药物
大便
疼痛,大便,检查
检查,指数,达到,恶心,呕吐,持续,缓解
治疗,症状,反酸,嗳气,观察,呕吐,恶心
反酸,打嗝,异常,腹痛,腹泻
便秘,大便,肛门,消化,肝硬化,病史
嗳气,反酸,疼痛,大便,便秘
胃镜,反复,发作,规律,饮食
好转,大便,状态,反酸
恶心,呕吐,特殊,发热,药物,好转
药物,确诊,疼痛
症状,大便,腹痛
大便,偏,干燥,调整,睡眠,饮食,清淡,保持
着凉,辛辣,刺激,食物
症状,反酸,食管,治疗,检查,肿瘤,复查
胸口,紊乱,恶心,呕吐,症状,导致,牙齿
恶心,饮食,海鲜,食物
消化,大便
乏力,关节,中暑,改善,过度
必要,检查,症状,恶心,清淡,食物,药物,饮食
隐痛,压痛,腹痛,绞痛
大便,腹泻
反酸,异物
呕吐,着凉,促进,缓解
反酸
便血
发热,恶心,呕吐,分泌,病史
片,检查,反酸,便秘,胃镜
明显,大便,症状,消除
规律,腹部,呕吐,作息,刺激,暴饮暴食
检查,前列腺,白细胞,囊肿
饮食
大便,胃镜,治疗,辛辣,刺激,饮食,腹痛,功能,紊乱,观察
呼吸,试验,感染,阳性,治疗,症状,嗳气,打嗝,显示
症状,发作,息肉,消失,精神
打嗝,辛辣,油腻,食物
打嗝,大便,辛辣,刺激,检查
治疗,药物,联合
导致,大便
诊断,伴有,食欲不振,症状,乏力,胃镜
症状
病史,小便,大便,腹泻
恶心,胃镜,异常,检查,发作
大便,诊断,辛辣,食物
便秘,口腔,片,蔬菜,熬夜,缺乏
气味,检查,缓解,状况
消化道,治疗,表现,大便,呕血,现象,疾病,类似
控制,发热,大便,化验
检查,治疗,浑身,没劲,酸痛
口臭,饮食,暴饮暴食,刺激,反复,诱因
排便,体重,持续,促进,适当
改善,大便,便秘
腹部,发作,反酸,胃口,大便
大便,化验,饮食,精神,油腻,年纪
大便,辛辣,食物,熬夜,情绪,摸
消瘦,胃口,吸收,疾病,大便
呕吐,怀孕,痉挛,缓解
中暑,呕吐,发热,症状,大便,排气,嗳气
大便,试验,确定,消化道,阳性,胃镜,检查,排除,卧床
反酸,排便,规律,便秘,腹泻
腹泻,基本,弱,排便
部位,疼痛,症状
大便,腹痛,明显,饮食,疾病
便秘,大便,饮食,调整,便血,疼痛,肛门,表面
就诊,紊乱,类似,肩膀,脖子
便秘,排便,属于,消化,大便
症状,反酸,嗳气,大便
恢复,消化,食物,刺激,导致,腹泻,药物,干预,预防,紊乱
胃口,胃镜,检查,部位,腹部
辛辣,刺激,呕吐,腹泻,饮食
腹部,治疗,便秘,刺激,油腻,辛辣,食物
打嗝,症状,嗓子,药物,疾病,发炎,抗生素,刺激
大便,梗阻,排便,肛门,症状,表面,腹痛
疼痛,位置
胃镜,哺乳,十二指肠,治疗
心脏,打嗝,好转,补充,着凉,抗抑郁,胃镜
大便,恶心,属于,腹泻,紊乱,恢复,平常
症状,食物,胸骨,配合,避免,油腻,辛辣
疼痛,恶心,呕吐,反酸,打嗝,饮食,规律
位置,隐痛,大便,消化,导致,反酸,胃镜,检查
隐痛,大便,症状,腹部,臭,治疗,检查
药物,反酸,大便,打嗝,功能,紊乱
规律,饮食,心态,调整,确定,症状,臭,药物,打嗝,空腹
大便
治疗,复查,胃镜,腹部,肝,基本,记录
胆汁,恶心,康复,尽量,反酸,明显
持续,腹泻,大便,药物
感染,根治,治疗,检查,症状,打嗝,根除
腹泻,大便,导致
便秘,治疗,饮食,规律,胃镜,大便,检查,脾,肿瘤
呕吐,反酸,症状,康复,胃镜,导致
反酸,规律,辛辣,食物
排气,排便,恶心,反酸,打嗝,大便,症状
胸部,位置,呕吐,检查,食物,症状,消失,消化
恶心,肌肉,酸痛,大便
复查,反酸
恶心,打嗝,饮食,观察
症状,全身,明确,腹痛
着凉,排便,发热,恶心,症状
大便,便秘,打嗝
大便,辛辣,食物,临床,便血,疾病,肛裂
胸口,呼吸,胸骨,症状,打嗝
呕吐,反酸,属于
便秘,大便,检查,明显
摸,腹部,大便,恶心,呕吐
疼痛,缓解,恶心,饮食,痉挛
排除,恶心,怀孕
打嗝,劳累,检查,稳定,反酸,恶心,呕吐
症状,大便,腹泻
剧烈,加剧,持续,反酸
大便
浑身,平常,饮食,症状,电解质,没劲,近视
呕吐,胃口,检查,怀孕,辛辣
腹痛,缓解
消化,大便,腹痛,位置
外表,体重,妊娠,压痛,压迫
呕吐,全身,反酸
缓解
呕吐,表现,药物,治疗,清淡,饮食,油腻,辛辣,刺激,食物
打嗝,大便,胃镜,体型,紊乱,缺乏
症状,接触,发热
大便,腰,伴有,检查,药物
便秘,排便,疼痛,臭,辛辣,刺激,食物,平常
排便,大便,肛裂,肛门,排气
连续,打嗝,恶心,检查,感染,排气,复查,大便,排便,腹痛
发炎
检查,大便,抗生素,熬夜,功能,明显,药物
胃镜,连续,药物,大便,确诊,内脏
大便,腹痛,乏力,嗜睡,胃口,食物,药物,脾
大便,便秘,肛门,平常,表面,排便,消化
打嗝,便秘,检查,造影,堵塞,腹部
症状,诱因,食物,胃镜,十二指肠,腹泻,大便
复查,大便,胃镜,药物,康复,好转,呕血,明显,腹痛
明显,胃口,着凉,清淡,饮食,辛辣,食物,片,发作,治疗
腹痛,反酸,打嗝,胃口
小便
胸骨,胃口,症状,胃镜,浑身,造成,反应
药物,疼痛,症状,反酸,打嗝,反应
大便,干燥,肛门
肝,治疗,腹泻
恶心,消化,反复,胃镜,阳性
辛辣,食物,腹泻,呕吐,症状
大便,肛门,肛裂,排除,便血,检查
嗓子,胃镜,腹痛,反酸,嗳气,大便,隐痛
胸闷,咳痰,腹部,胸口,饮食,嗳气
胃镜,检查,阳性,治疗,大便
恶心,伴随,检查,胃镜
恶心,大便,小便
大便,排除,疾病
便秘,大便,恶心,呕吐
阳性,症状,口臭,胃镜
颅骨,腹腔,激素,片,打嗝,呕吐
恶心,异常,反应
恶心
呕吐,腹泻,寒战,症状,疼痛
大便,臭,叶酸,便秘,饮食,辛辣,海鲜,食物
胆固醇,脂肪,浸润,连续,气管
疼痛,大便,饮食,规律
食管,口臭,反酸,睡眠,检查,胃镜
呕吐,打嗝,症状,治疗,检查
胸闷,打嗝,片,饮食,辛辣,食物,导致,观察
异常,胆汁,呕吐,确诊,抗生素
恶心,着凉
腹泻
腹痛,症状
胆总管,切开,恢复,位置,损伤,功能,粘连
大便,便秘,症状,恶心,理疗
伴随,消化,配合,药物,承受
疼痛,控制,饮食,以及,药物,治疗,大便,规律,肛门
胃口,嗓子
辛辣,刺激,大便,反酸
痉挛,刺激,饮食,控制,检查
腹痛,反酸,恶心,以及
疼痛,缓解,病史,检查,治疗,持续,胃镜
恶心,食物,清淡,饮食,冲服,观察,好转,乏力,消化
恶心,大便,维生素
胸闷,乏力,打嗝,小便,消化
恶心,呕吐,反酸,腹痛,特殊,食物
恢复,大便,腹痛,排便
治疗,大便,退烧
紊乱
大便,表面,感染,肛门
腹部
大便,伴有,疼痛,干燥,疙瘩,辛辣,刺激,食物
酒精,肝硬化,血小板,白细胞,消除,症状,检查,功能
腹泻,症状,饮食,紊乱,治疗,检查
部位,大便,便秘,饮食,清淡,辛辣,食物,治疗
恶心,胸闷,反酸
症状,检查
绞痛,饮食,根治,属于
便秘,临床,病例,大便
喂养,饮食,母乳,大便,门诊
息肉,饮食,症状,腹部,缓解
反酸,打嗝
属于,康复,病史,饮食,规律,引发,十二指肠,根治
颗,恶心,连续,肛门,排气,打嗝
导致,饮食,消化,打嗝,酸痛,抑郁
腰,腹痛,呕吐,饮食,清淡
腹泻,疫苗
腹泻,胆汁,治疗,刺激,辛辣,油腻,食物,大便,检查
颗,打嗝,臭,补充,持续,症状,接触
检查,药物,腹痛,大便
属于,不足,造成,检查,消化,必要,胃镜,食管,排除,表现
部位,发热,恶心,呕吐,反酸,排便,排气,缓解
反酸,恶心,呕吐,胃镜,显示,阴性
大便,口臭,症状,脾,治疗,改善,连续
肝,油腻,恶心,打嗝,诊断,饮食,导致
大便,消化,异常,症状,治疗
恶心,胸骨,呕吐,腹痛,腹泻,排除,早孕
腹泻,药物,大便,饮食,紊乱
打嗝,辛辣,刺激,胃镜,大便,便秘,紊乱,缓解,明确,息肉
检查,真菌,感染
息肉,大便,疼痛,便秘,按摩,直肠
症状,发热,大便,腹痛
清淡,素食,排便,体积,日常,直肠,大便,便秘,症状
根治,打嗝,清淡,饮食,蔬菜,辛辣,油腻,食物
药物,检查,胃镜,症状,胸口,阳性,根治,系统,空腹
胸部,药物,检查,症状,反酸,大便,便秘,饮食
饮食
症状,打嗝,便秘,排气,就诊,饮食,清淡,持续,代替
恶心,怀孕
拍
诱因,食物
反酸,检查,表现,处理,饮食,避免,辛辣,食物
辛辣,戒,胃镜,隐痛,部位
嗳气,症状,饥饿,明显
大便,绞痛,分泌,反酸
尿频,小便,尿道,大便,好转,检查,病毒
反酸,嗳气,嗓子,大便,药物,缓解,症状,显示,阳性,复查
恶心,呕吐,发热,臭,类似
大便,化验,类似,发热,腹痛,油腻,处方
腹泻,部位,疼痛,腹部,压痛,程度
便血,大便,确定,症状
表现,清淡,饮食,辛辣,食物,阑尾
恶心,排除,怀孕,饮食,规律,反酸,检查
症状,腹部,盲肠,结节,结石,附件
滴,发作,饮食,腹泻,反酸
呼吸,恶心,呕吐,大便
消化
呕吐,异物,反射,导致,气管,确定,明确
产生,导致,憋,大便,排气
大便,腹泻,饮食,功能,紊乱
恶心,感染,食物,持续,呕吐,治疗
明显,功能,紊乱
大便,排便,肛门,症状,损伤,直肠
嗳气,检查,痒,干咳,反酸,辛辣,刺激,食物,气管,闻
呼吸,辛辣,刺激,胃口,症状
恶心,反酸,嗳气,呕吐,腹泻,打嗝,检查
便秘,排便,检查,腹痛,泌尿系统
腹痛,大便,症状,缓解
十二指肠,治疗,静脉,激素
导致,检查,规律,持续,胸骨
食物,部位,检查,排除,梗阻
股骨,饮食,疾病,浮肿
分析,便秘,痛经,便血,消化,造成,检查,大便,化验,消化道
打嗝,反酸,症状,痉挛,呼吸
痛苦,症状,伤害,检查
胃镜
持续,明显,大便
恶心,大便,腹泻,功能,治疗,细菌,感染
打嗝,反酸
大便,必要
基本,反酸,大便,呕吐,补充
食物,疼痛,部位,位置,排便,药物,以及,检查
伴有,大便,乏力
大便,治疗,消化,症状,紊乱,排便,便秘,明显
油腻,属于,食物,饮食
发热,基本,确诊,治疗,菌血症
食管,位置,打嗝,大便,辛辣,刺激,油腻,食物,症状,饮食
类型,乙肝,油腻,食物,发作,脾
止痛,成分
早期,肝硬化,打嗝,治疗,精子,药物
频繁,大便,便血,饮食,蔬菜,年纪,功能,紊乱
胃口,恶心,腹部,疼痛,明显,状况,腰,敷,着凉
改善,便秘,副作用,检查
持续,胃镜,十二指肠,缓解
呕吐,食物
疼痛,伴有,腹部
基本,口臭
腹痛,导致,大便,排除,检查,症状,观察,肛门,疙瘩
过敏,损伤,药物,酒精
疼痛,持续,大便,强烈,就诊,排除,输尿管,结石,腹部
腹泻,大便
症状,检查,特殊,处理,嗓子,造成,药物,治疗
腹泻,治疗,腹痛,恶心,防止,静脉,补液
胰腺,腹痛,淀粉酶,排除,胰腺炎,症状
腹部,排便,液体,处理,检查,明确,药物,治疗
大便,蔬菜,便秘
检查,结石,胆汁,消炎
治疗,暂停,症状,饮食,便秘,注射,药物
排便,便秘,疼痛,初步
恶心,憋,血糖,排尿,症状,表现,中毒
分析,部位,恶心,呕吐,腹泻,中暑,着凉
腹痛,疼痛,药物,导致,大便,检查,食物
消化,检查
部位,大便
排便,检查,药物,胃镜,劳累
呕吐,腹泻,恶心
检查,紊乱,大便,阑尾,明显,类似,症状
疼痛
疼痛,食物
臭,便秘,改善,直肠
症状,反酸,部位,恶心,呕吐,饮食,胃镜
导致,年纪,直肠,腹泻
反酸,打嗝,感染,胃镜,饮食
饮食,功能,排除,前庭,清淡,紊乱,诱因,胃镜
恶心
腹部,检查,摸
症状,便秘,排便,嗳气,打嗝,复查,胃镜,检查,痛苦,代替
便秘,大便,干燥,怀孕
腹泻,大便
形态,基本,药物,息肉,切除,属于,心态
连续,大便,恶心,腹泻
胆囊,消化,治疗
摸,结肠,腹泻,大便
发作,疾病,恶心,良好
腹腔,大便,排便,疼痛,辛辣,刺激,食物
臭,大便,饮食,恶心,呕吐,反酸,打嗝
大便,憋,蔬菜
情绪,卧床,导致,腹部,腹泻,持续,着凉,检查,内镜
反酸,恶心,便秘,症状,内镜
控制,呼吸,症状,腹痛,大便,便秘,检查,胃镜,睡眠,功能
恶心,退烧
连续,便血,食物,大便,肛门,部位,疼痛,摸,疾病,症状
规律,就诊,检查,排除
止痛,药物,现象,频繁
浑身
缓解,怀孕,规律,饮食
尸体,消化,缓解,腹痛,碳水化合物
恶心
嗓子,恶心,腹痛,疾病,药物,过敏
大便,复查
排便,位置,腹部
便秘,大便
持续,大便,便血
恶心
腹泻,食物,大便,呕吐,症状
打嗝,腹痛,明显,食物,胸口,大便,便秘
打嗝,规律,痉挛,药物,刺激,油腻,辛辣,食物,检查
避免,熬夜,劳累,症状,自愈
比例,症状,基本,下肢,浮肿
片,退烧,避免,辛辣,刺激,食物,熬夜
症状,胃镜,辛辣,打嗝,缓解
臭
脖子,恶心,治疗,胃镜,检查
大便,肛门,检查,不良,分析
症状,肛门,刺激,蔬菜
恶心,功能,尿路感染,平常
大便,损伤,便秘,规律,导致
十二指肠,造成,便秘,检查
腹部,手指,明显,胆汁,症状,疼痛,胃镜,检查,压痛,位置
腹部,着凉,功能,紊乱,结合,观察,大便,保持,顺畅
恶心,伴随,症状,饮食,好转,恢复,明显
大便,发热,排便,便秘
打嗝,大便,反酸,基本
吸收,大便,恶心,呕吐,症状
阳性,十二指肠,肿瘤,发作,培养
部位,规律,饮食,反酸,打嗝
胸口,食管,症状,药物,功能,特殊
知觉,便秘,治疗,症状,检查,排便,规律,大便,蔬菜,基本
精神,呕吐,辛辣,刺激,食物,着凉,发热,症状
腹痛,腹泻,反酸,大便,排气,压痛
大便,初步,检查
连续,食物,大便,便秘,排除,干燥,排便,尽量,保持,摸
消炎,片,饮食,清淡,诱因
消化,萎缩,单纯,药物,导致,明确,年纪
反酸,位置,恶心,呕吐,乏力,导致,成分
症状,治疗,恶心,反酸,饮食
位置,大便,紊乱,清淡,饮食
打嗝,饮食,部位
腹泻
呕吐,消化
产生,疼痛,电解质,紊乱,便秘,绞痛,打嗝,彻底
伴随,症状,呕吐,饮食
位置,大便
饮食,辛辣,食物
便血,确定,刺激,食物,隐痛
阴性,导致,检查,病因,反酸,消化,促进,配合
胆汁,确诊,症状,疼痛,胃镜
大便,便秘,饮食,辛辣,刺激,食物,清淡
疼痛,恶心,排除,规律,小便,大便
腹痛,嗳气,打嗝,缓解,副作用,胃镜,胆汁,症状
便血,现象,病史
大便,着凉,恶心,呕吐,疼痛
大便,抗生素,内脏,食物,颗,检查,化验
大便,辛辣,刺激,干燥,食物,状况,饮食,蔬菜
持续,检查,积液,大便,尿频,尿急,附件,腹痛,治疗
腹痛,恶心,呕吐,发热,检查,治疗,乏力
肿块,恶心,呕吐,检查,排便,阑尾,部位,疼痛,位置
打嗝,腹部,尽量,分泌
打嗝,缓解,平常,饮食,规律,熬夜
症状,食物,发热,病因,恶心,呕吐,腹痛,胃口,腹泻,咳痰
恶心,呕吐,大便,部位,疼痛,明显,着凉
胃镜,阴性,流感,强烈,刺激,食物,反酸
反应,食物
显示,淋巴结,体重,下降,基本
检查,治疗,破裂,肝硬化,利尿
恶心,浑身,发热,睡眠,排除,怀孕,症状,疾病,饮食
浑身,母乳,清淡
怀孕,饮食,清淡,消化
反酸,伴有,饮食,辛辣,刺激,油腻,食物
大便,腹痛,产生,缓解,呕吐
全身,痢疾
持续,症状,反复,食物,胃镜,诱因
恶心,呕吐,反酸,腹痛,腹泻,表现
频繁,大便,腹痛,检查
位置,病史,胃镜,检查
症状,腹痛,恶心,呕吐,大便,固定,检查,以及
痉挛,治疗,症状,片,大便
便秘,大便,听诊,蔬菜,促进,油腻,食物,缓解,症状
辛辣,刺激,食物,油腻
腹部,持续,规律,位置
便秘,蔬菜,大便,导致,腹痛
导致,着凉,部位,大便,平常,饮食,干燥,清淡
大便,隐痛,压痛,胃镜,检查,饮食,规律,保持
大便,化验,喂养,母乳,药物,治疗
血小板,大便,化验,胃镜
呕吐,治疗,排除,肝
疼痛,便血,大便,症状,补充,检查,药物,处理,急诊,压痛
摸,胃镜,治疗,明显,精神
大便,怀孕,现象,消失,口腔,腰,部位
怀孕,缓解
胆囊,检查,症状,息肉,绞痛,疼痛,相关,胆汁,十二指肠,复查
便秘,腹泻,干燥,治疗
嗳气,油腻,食物,反酸,腹痛
腹泻,大便
观察,片,排便
嗳气,反复,症状,基本,反酸,饮食,复发,检查
疼痛,大便,部位,蔬菜
恶心,呕吐,腹痛,腹泻,便秘,症状
持续,大便,反酸,恶心
辛辣,刺激,食物,嗓子
着凉,饮食,辛辣,刺激,食物
检查,腹泻,便秘,药物,片,刺激,呕吐,症状
小便,尿频,尿急,腹痛,结石
大便,食欲不振,酸痛,恶心,呕吐
辛辣,刺激,食物,饮食,药物,治疗,油腻,消化
腹痛,呕吐,发热,大便,化验
胸口,痒,打嗝,口腔,锁骨,憋
频繁,大便,熬夜,急诊,类型,劳累,强度
检查,活检,感染,规律
持续,饮食,规律,辛辣,刺激,食物,反酸,大便
刺激,就诊,肛裂,平常
打嗝,胃镜,检查,阳性,复查,阴性,饮食,抗体,感染
伴有,呕吐,嗳气,症状,饮食
伴有,失眠,明显,大便,检查,药物,消化,不良,化验
膈,缓解
变质
大便,排便,必要,胃镜,确诊,反酸,打嗝
连续,胃镜,检查
吸收,表现
造成,检查,辛辣,食物,胃镜
大便,异常
赶紧,排气,劳累,焦虑,导致
打嗝,持续,腹部,疼痛,呕吐,堵塞,大便,症状,胃镜
疼痛,程度,导致,状况
液体,反复,发热,症状,方案
食物,饮食,规律,保持,治疗,以及
检查,淋巴细胞,恢复,淋巴结,确诊,症状
大便,腹痛,腹泻
排便,腹痛,检查,排除
绞痛,呕吐,腹泻,持续,摸,传染,接触
恶心,大便,便秘,现象
基本,便秘,检查,伴随,食物,大便,配合,治疗,饮食
食物,大便
明显,诱因,焦虑,检查,药物
大便,促进,症状,片
恶心,腹泻
胃口,打嗝,食欲不振,康复,明显,诱因,辛辣,食物
口臭,药物,治疗,反酸,大便,便秘,胆汁,感染
疼痛,食物
平常,症状,检查,治疗,药物
大便,排便,腹痛
范围,胃镜,诊断,结合,确诊,萎缩
症状,表现,治疗
十二指肠,搭配,治疗,症状
呕吐,症状,食管,松弛,饮食
便秘,不良,饮食,辛辣,刺激,食物,熬夜
检查,糖尿病,复查,胃镜
连续,症状,大便,紊乱,保持
大便,检查
症状,腹痛,腹泻,反酸,现象,明显
腹部,间歇,消化
导致,着凉,表现,部位
大便,敏感,处理
胃镜,治疗,呕吐
摸,体重,大便,血压,肌肉
软,特殊,食物,辛辣
反酸,排便,大便,恶心,症状,应激
大便,恶心,浑身,检查,腹部,偏,胃镜
恶心,呕吐,反酸,打嗝,功能
持续,疼痛,部位,大便,排便,饮食,便秘,摸
大便,肛门,疙瘩
好转,持续,消化,纤维,粗糙
喘气,浑身,怀孕
食物,腹痛,饮食
胸口,部位,复发,辛辣,食物
糖尿病,便秘,调整,良好,排便
便血,大便,直肠,干燥,尽快
大便,光滑,饮食,腹泻
油腻,食物,腹痛,缓解
大便,明显,诱因,排便
平常,大便,食物,消化,药物
大便,检查,感染,前列腺
清淡,症状
训练,现象,反酸,中暑,大便,腹泻,恶心,呕吐,检查
胃镜,疾病,范围,病史,痉挛,食物
流产,治疗,缓解,腹部,疼痛,部位,食物,阑尾
打嗝,检查,治疗,药物
大便,肛门,便秘
腹痛,恶心,症状,油腻,腹泻
怀孕,大便,特殊,腹痛,腹泻,化验,症状
顺畅,打嗝,不足,检查,改善,药物,必要
部位,伴有,呕吐,大便,便秘,腹泻
部位,大便,规律,疼痛
腹泻,发热,症状,感染,控制,四肢,病因,治疗
便血,滴,便秘,大便
大便,腹泻
大便,腹泻,食物,部位,表现,形态
恶心,乏力,部位,大便
大便,伴随,打嗝,肛门,检查
特殊,怀孕,大便,气味,恶心,基本,呕吐
排便,熬夜,大便,干燥
恶心,疼痛,刺激,食物
功能,缓解
空腹,腹泻,大便,伴有,状态,发热,食物,饮食,规律,基本
反酸,恶心,检查
胃镜,检查
大便,母乳,哺乳,趴
肛裂,刺激,油腻,排除,就诊,止血
打嗝,大便
消化,症状,分泌
恶心,部位,初步
连续,大便,辛辣,刺激,食物,发热,平常
手指,伴随,疼痛,检查
便秘,牙龈,结石,萎缩,食物
便秘,食物,胃口,年纪
大便,检查
胃口,疼痛,缓解
大便
便秘,大便,症状,便血,恶心,消化,饮食,食物
大便,便血,症状,持续,治疗,随时
恶心,询问,相关,配合
消化,症状,大便
功能,紊乱,嗳气,胃镜
大便,症状,缓解,排气,腹部
干燥,便血,大便,肛门
隐痛,胃镜,检查,痉挛,根治,治疗,反酸,嗳气
大便,排气,饮食,药物
症状,反酸,恶心,呕吐,腹痛,胃镜,检查,以及,饮食,规律
病史,检查,药物,睡眠,辅助,治疗,大便,伴随
治疗,药物,细菌,片
怀孕,食物,避免,补充
大便,症状
治疗,疼痛,发热
熬夜,恶心,现象,位置,大便,发热
大便,顺畅,疼痛,腹痛,恶心,呕吐,肛裂
辛辣,规律,稳定,饮食
大便,按摩,适当,保险,观察
大便,异常,症状,腹痛,胃镜,血小板,检查,痔,必要
大便,乏力,化验,治疗
打嗝,连续,抽搐,频繁,排除,疾病,药物,治疗
便秘,饮食,规律,烫,食物,油腻,辛辣
胃镜,息肉,好转,切除,辛辣,食物
光滑,明显,异常,恶心
大便,观察,便秘,腹痛,反酸,嗳气,频繁,检查
饮食,辛辣,刺激
打嗝,感染,反酸
消化,白细胞,耽误,合理
恶心,怀孕,辛辣,食物,熬夜,检查
症状,属于
腹泻,大便,检查,排便,规律
伴有,腹痛,恶心,呕吐,打嗝,发热
症状,排便,腹痛,缓解,腹部
疼痛,反酸,呕吐,便血,检查
大便,臭,伴有,嗳气,胃镜,感染,检查,药物,复发,打嗝
症状,饮食,避免,观察,好转,门诊,就诊,刺激,胃镜
腰,症状,类似,检查,导致
部位,反酸,症状,检查
持续,刺激,辛辣,食物,劳累,恶心,呕吐
治疗,症状,导致,胃镜,反酸,食管,疾病,检查,感染,传染
大便,肛门,便血
饮食,规律,反酸,疾病
食物,产生,治疗,大便
嗳气,反酸,症状,嗓子,便秘,大便,食物
乳房,下降,全身,酸痛,按摩,胸口,反酸,食管
便秘,大便
便血,食物,肛门,饮食,刺激,辛辣,痔
打嗝,检查,胃镜,大便,异常
变质,食物,大便,恶心,呕吐,药物,症状,腹泻,消炎
隐痛,大便,便秘,检查,胃镜
大便,恶心,嗓子,检查,反酸,胃镜
腹泻,症状,全身
消化,反酸,腹痛,症状,大便,平常
反酸,胸闷,明显,症状
饮食,蔬菜,淋巴结,治疗,结节
大便,食物,腹痛,恶心,症状,功能,药物,治疗,不良
好转,大便,气味,臭,缓解
反酸,打嗝
打嗝,腹痛,反酸,大便,检查,药物,形成
呕吐,腹痛,功能,辛辣,食物,紊乱
食物,大便,紊乱
腹部,明显
反应,强烈,排气,打嗝,饮食,胃口,食欲不振,造成,持续,症状
恶心,腹泻,缓解,食物,导致
腹痛,表现,大便,着凉
打嗝,检查,症状,饮食,维生素
咳痰,症状
呕吐,腹痛,症状,现象,腹泻,明显,大便,检查,精神
大便,气味,腹痛,检查,饮食,规律,肛门,疼痛
不良,症状,消化,检查,病史,饮食,规律,胃镜,细菌,产生
疼痛,胃镜,排除
疼痛,肛裂,疾病,化验,症状
胃镜,饮食,清淡,发热,剧烈
胆汁,海鲜,大便,检查,复查,过敏,平常
大便
缓解,频繁
症状,消化,大便,顺畅,打嗝,反酸,空腹,检查,药物,治疗
饮食,刺激,消化,检查,胃镜
便秘,大便
缓解,排便
吸收,反酸,打嗝,异常,反应,缓解,药物
明显,导致,急诊,消化
大便,肛门,呕吐,饮食,腹泻
消化,大便,腹泻
腹泻,确诊,病例,恶心,呕吐
隐痛,饮食,规律,明显,便秘,呕吐
呕吐,消瘦,十二指肠,阳性,治疗,必要,胃镜,肿瘤,体重,数值
腹泻,腹部,复发,持续,诱因,腹痛,大便,缓解
恶心,食物,怀孕
感染,阳性,包括,根治,连续,治疗,复查
发作,检查
恶心,症状
恶心,呕吐
疼痛,位于,部位,阑尾,压痛,口腔,浑身
大便,便秘,表面,肛门,疙瘩
脖子,排除,消化,就诊,胃镜
胃口,消化,缓解,位置
症状,食物,大便,检查,胃镜,导致
打嗝,着凉,特殊,食物,腹部,膈
表面,大便,检查,过敏
胃镜,治疗,饮食,规律,刺激,辛辣
反酸,治疗,息肉,症状,好转,饮食,规律,熬夜,药物,配合
检查,呼吸,确定,位置,化验,症状,就诊
频繁,腹泻,大便,状态,偏,介入,药物,分析,症状
嗳气,检查,肾,连续,反复,发作,试验,明确,感染,胃镜
大便,腹痛,流感,症状,吸收
食欲不振,症状,大便,特殊,改善
症状,大便,不详,规律,导致,腹部,臭,促进,消化,改善
着凉,腹部,便秘,表现,治疗,功能
反酸,恶心,呕吐,大便,便血,基本
便秘,过敏,接触
大便,反酸,呕吐,便秘,便血,小便,腹痛
持续,缓解,绞痛,隐痛,大便,恶心
检查,胃镜,症状,复查,方案,片,血糖,稳定
大便,息肉,切除,痔
便秘,大便,腹痛,排气
根治,便秘
打嗝,食管,检查,反复
大便,息肉,切除,化验,诊断,治疗,紊乱
剧烈,情绪,焦虑,腹泻,大便
疼痛,大便,规律,绞痛
恶心,大便,饮食
检查,消化,食物,耽误
胃镜,十二指肠,饮食,辛辣,药物
伴随,肋,疼痛,恶心,呕吐,大便,检查
呕吐,反酸,排除,怀孕,大便,便秘
检查,治疗,抗生素,损伤
恶心,呕吐,疼痛,缓解,类似,治疗,症状,补充,发热,大便
症状,病毒
打嗝,反酸,胃镜,饮食,清淡
便秘,剖宫产,大便,辛辣,刺激,食物,蔬菜,肛门
症状,好转
复发,反酸,检查,胃镜,打嗝,排便,规律,大便
疼痛,反酸
腹部,恶心,损伤,药物,症状,就诊
大便,症状,腹痛,饮食,体重
肾,药物,伤害,病史,尽量,辛辣,食物,呼吸
大便,憋,肛门,检查
饮食,规律,反酸,恶心,症状
反酸,恶心,呕吐,初步,检查
酸痛
相关,配合,辛辣,食物
嗳气,反酸
小便,大便,便秘,软,疼痛,疾病
反而,胆囊,阑尾,症状
着凉,腹部,打嗝,大便
接触,症状
大便,排气,缓解,辛辣,刺激,食物,情绪,功能,紊乱,明显
腹腔,没劲,腹泻,饮食,恢复,平常
饮食,睡眠,症状,补充,反酸,打嗝,恶心,呕吐,清淡
胸口,大便
排便
憋,属于,不足,表现
打嗝,导致,膈,痉挛,呼吸,明显,浓度
大便,片
肛门,发热,腹痛,紊乱,饮食
油腻,食物,反酸,嗳气,打嗝
胃镜,打嗝,胸口,反酸
便秘,治疗,辛辣,刺激,食物,大便,蔬菜
疙瘩,大便,必要,彻底,排除,显示,腹腔,异常,腹部,恐惧
恶心,食物,症状,缓解,饮食,蔬菜
异物,检查,食物,恶心,呕吐,腹泻
大便
可见,胃镜,症状,补充,清淡,饮食,损伤,恢复,焦虑,阶段
呕吐,症状,补充,口腔,黏膜,牙龈
持续,症状,空腹,明显,表现,下降,小便,油腻,乙肝,典型
缓解,大便,检查,胃镜,打嗝,初步,伴有,消炎,片
腹泻,便秘,基本
绞痛,腹泻,呕吐,症状,类似,强烈,着凉
便血,大便,表面,排便,浓,食物,片,消化道,明显,消化
疼痛,症状,检查,部位,稳定,阑尾,特殊,焦虑,拍
着凉,症状
打嗝,反酸,年纪,胃镜
治疗,抗生素,单纯,感染
彻底,大便
大便,疼痛,便秘,辛辣,肛裂,息肉
胃口,缓解,恶心,症状,反酸,嗳气,排便
基本,典型,症状,呼吸
大便
反酸,症状,饮食,规律,胃镜
胃镜,检查,复查,清除,直肠
疼痛,大便,腹泻,恶心,持续,好转,类似,吸收
反酸,腹痛,呕吐,检查,胃镜,辛辣,刺激,食物,功能,紊乱
便秘,治疗,食物,干燥
呼吸,顺畅,胸口,大便,平常,便秘,排气
怀孕,避孕
恶心,程度,检查,阴性,胆汁,消炎,片,症状,治疗
狭窄,平常,饮食,刺激
连续,颗,食物,反酸,嗳气,腹痛,发热,导致,大便
腹泻,辛辣,刺激,规律
腹部,症状,补充,检查,治疗,下肢,疼痛,麻木,状况
胰腺炎,疼痛,持续,确诊
便秘,大便
腹部,疼痛,缓解,反酸
排便,打嗝,症状,检查
恶心,大便,摸,位置,紊乱
排除,腹痛
伴随,症状,检查,饮食,大便,睡眠,反酸,打嗝,恶心
腹痛,腹泻,位置,化验,大便,功能,紊乱
症状,恶心,腹泻,功能,程度,药物,消炎
呕吐,排除,怀孕,属于,表现,治疗,饮食,清淡
饥饿,大便,排便,清淡,导致
恶心,呕吐,腹痛,药物
疼痛,睾丸,胃镜,频繁,大便
腹泻,功能,检查,造成
症状,腹痛,压痛,饮食
恶心,腹部,检查,饮食
打嗝,诊断,胃镜,检查,吞咽,症状,嗓子,胸口,反酸
发热,检查,药物
大便,便秘
十二指肠,症状,恶心,嗳气,反酸,阳性,检查,药物,抗生素
饮食,食物,熬夜,保持
拍,胃镜,感染
胸腔,恶心,反酸,打嗝,大便,饮食,规律,刺激
症状,调整,打嗝,清淡,饮食,蔬菜,油腻
消化,药物
腹痛,痉挛,大便
恶心,清淡,疼痛,观察,大便
肝硬化,指甲,凝血因子,缺乏,异常,激素
恶心,呕吐,血压,听诊,诊断
治疗,大便,部位,腹部
大便,消炎,检查,消化,就诊
腹痛,恶心,腹泻,部位,腹部,呕吐,反酸,检查
明显,空腹,饮食,消化,功能,不良,止痛
油腻,药物,检查,化验,片,食物,治疗
恶心
阑尾,疼痛,药物,腹部
症状,胃镜
检查,功能,紊乱
症状,反酸,打嗝,检查
软,反酸
便秘
外翻,胃镜
大便,观察,便血,症状,明显,化验
症状,适当,食物,补液
片,辛辣,刺激,食物,恶心,呕吐,药物,过敏
伴随,检查,治疗,辛辣,刺激,食物
大便,反酸,恶心,呕吐
症状,明显,治疗,大便,鼻涕,食物,饮食
大便,伴随,尿频,连续,刺激,尿急,前列腺
腹泻,恶心,大便
腹部,疼痛,大便,症状,治疗,规律,清淡,饮食,配合,药物
症状,胃口,大便,腹部
腹部,隐痛,大便
导致,打嗝,胃镜,检查,显示,症状,治疗,现象,紊乱
大便,检查,摸,病因,治疗,症状,消炎,药物
腹泻
部位,疼痛
大便,饮食,食物,避免,辛辣,刺激,肛门
劳累,熬夜,疼痛,疾病,蔬菜,症状
规律,缓解,反酸,打嗝,呕吐,便秘,间隔
疼痛,大便,反酸,打嗝,腹泻,恶心,明显
症状,嗳气,隐痛,联合,活检,胃镜
造成,清除,症状,治疗,缓解
药物,治疗,分析,胃镜,配合
检查,胃镜,腰,诱因,基本,疾病,化验,呕吐,症状
嗳气,反酸,检查
打嗝,腹泻
恶心,腹泻,诱因,导致,消炎
规律,饮食,反酸,嗳气,伴随,症状,检查,药物,大便,怀孕
敷,大便,饮食,绞痛,消化,恶心,呕吐
呕吐,处理,反复,升,治疗,确定,反应
避免,油腻,辛辣,食物,规律
大便,疼痛,腹部,油腻,食物
大便,现象,肛门,疼痛
必要,属于,诊断,症状
腹痛,腹泻,大便,治疗,饮食,食物,检查
饮食,刺激,消化,必要
初步,诊断,症状
腹部,位置,伴随,症状,呕吐,腹泻,压痛,检查,排除,急腹症
诊断,腹泻,黏膜,复发,治疗,痉挛,药物
反酸,大便,胃镜,检查
症状,排便,肛门,检查,便秘
消化,属于,紊乱,大便
干燥,反酸,恶心,症状
胃镜,检查,食管,打嗝,大便,腹部,反酸,嗳气,脾,属于
小便,连续,检查,结石
腹泻,大便,特殊,食物
大便,饮食,偏,油腻,食物,睡眠,肛门,排便
食物,腹部,大便,腹痛,治疗
大便,疼痛,加剧,位置,疾病,暴饮暴食
恶心
大便,片,复发,便秘
大便,饮食
大便,隐痛,显示,形态
片
胆汁,焦虑,隐痛,大便,腹部,症状,反酸,呕吐,打嗝
后遗症,反酸,分析,饮食,规律,辛辣,食物
饮食
隐痛,恶心,饥饿,疼痛,伴随,症状
治疗,便秘,乏力,呕吐,全身
中毒,大便
症状,腹痛,腹泻,恶心,呕吐,功能,紊乱,缓解
体重,下降,连续,腹泻,症状,化验,指标,规律,饮食
间隔,饮食,大便,症状,恶心,呕吐
疼痛,打嗝,大便,异常,检查,饮食,辛辣,刺激,油腻,食物
疼痛
打嗝,反酸,便秘,检查
症状,指数,打嗝,规律
位置,紊乱,饮食,尽量,清淡,药物,规律,导致,复发,频繁
疼痛,症状,缓解
疼痛,饮食,症状,腹痛,缓解,恶心
大便,剧烈,疼痛,饮食,辛辣,刺激,油腻,食物,腹痛
反酸,腹痛,改善
恶心,打嗝,药物
确诊,摸,全面,青霉素,过敏,牙齿
腹部,压痛,呼吸,部位,大便,连续
便秘,饮食
症状,反酸,恶心,疼痛,胃镜,脾,片,药物,痉挛
疼痛,腹痛,片,缓解
状态,作息,适当,避免
结石,呕吐,乏力,升,胆汁,引流
便秘,大便
饮食,规律,打嗝,大便,便秘
打嗝,症状,记录,诱因,发热,胃口
治疗,指标,阳性,感染,药物,过敏
反复,检查,饮食,规律,中暑,疼痛,部位
肾,忍受,范围,区域,饮食,规律,大便,腹痛,药物,治疗
大便,软,食物,腹痛
大便
打嗝,大便
干燥,便血,肛门,疼痛
反酸,辛辣,刺激,食物
失误,大便,副作用,症状,胃镜
饮食,规律
浑身,酸痛,关节,没劲,症状
腹泻,特殊,食物,恶心,呕吐
大便,反酸,症状,腹痛,绞痛,发作,缓解
恶心,造成
排气,乏力,恶心,病史,糖尿病,大便,平常
嗓子,症状,消炎,治疗,升高
消化,打嗝,大便,小便,腹痛,检查
大便,着凉,饮食
大便,精神,症状
大便,症状,功能,紊乱,饮食,清淡
臭,基本,大便,排便,造成,药物,症状,腹部,反酸,治疗
平常,饮食,饥饿,疼痛,缓解,辛辣,油腻,食物,位置,十二指肠
饮食,平常,排气,清淡
位置,缓解,药物
显示,阳性,症状,药物,治疗,数值,肿瘤,复查,疾病
症状,饮食,疼痛,检查,胃镜
消化,打嗝,检查,表现,治疗,症状,明确,病因
恶心,呕吐,反酸,症状,诊断,明确
部位,疼痛,腹部,明显,诱因,饮食,导致
胃镜,便秘
恶心,消化,观察,功能,紊乱
着凉,腹痛,大便,部位,固定,饮食,导致
检查,十二指肠,大便,隐痛,食物,明显,症状
大便,食物,症状,紊乱,持续,规律,饮食
打嗝,反酸,腹痛,大便,肝,检查,胃镜,清除,细菌
反酸,恶心,呕吐,大便,基本,现象
检查,治疗,阳性,消化道,传染
大便,基本,诱因,饮食,清淡
食管,胃镜,检查,怀孕,痛苦
腹泻
大便,辛辣,刺激,食物
达到,退烧,腹泻,表现,属于
症状,就诊,食物,反酸,胸口,损伤,食管,黏膜,胃镜
口臭,饮食,蛋白质,适当,规律,暴饮暴食,排便,胃镜,胆汁,现象
消炎,呕吐,青霉素,过敏,片,处理,药物,门诊
关节,症状,手指,恶心,呕吐,腹泻,全身
腹泻,臭,液体,维生素,症状,大便,辛辣,食物
反酸,腹泻,大便,排气,治疗
症状,腹泻,尿急,尿路感染
症状
疼痛,憋,发热,明显,肿胀
片,频繁,基本,补液,补充,电解质,配合,成分,间隔
腹泻,怀孕,成分,治疗,症状,腹痛,叶酸,检查
便血,大便,干燥,滴,食物,肛门
大便,便秘,就诊,阑尾,排除
腹泻,呕吐,食物,药物
片,饮食,规律,反酸,打嗝,嗳气,恶心,伴随,症状,类似
症状,饮食,辛辣,刺激,食物
阳性,药物,治疗,方案
腹部,疼痛,胃镜
牙龈,导致
反酸,感染,确定,青霉素,过敏,胃镜,试验,空腹
检查,药物,腹泻,症状,紊乱,暴饮暴食
消化,腹泻,引发
腹痛,疼痛,食物,明显,表现,呕吐,腹泻,气味,消化
症状,胃镜,治疗,彻底,伴有,食管,诊断
好转,大便,油腻,食物,痢疾,恶心,呕吐,症状,饮食,改善
症状,反酸,食物,恢复,呕血,治疗,辛辣
腹部,食物,空腹,明显,饮食,规律,排除
腹泻,呕吐,腹部,刺激,辛辣,食物,压痛,明显,麦氏点
便秘,大便,排便,恶心,呕吐,肛门,缓解
胃镜,消炎,治疗
药物,好转,呕吐,症状,属于
消化,打嗝,胃镜,检查,属于,药物
腰,腹痛,片,缓解,疼痛,药物
腹痛,呕吐,辛辣,位置,治疗
大便,饮食,保持
伴有,确定,胃镜,明显
大便,化验,表面,消化,腹痛,症状
部位,绞痛,恶心,呕吐,特殊,腹泻,大便,发热,查房,耽误
反酸,呕吐,暴饮暴食,饮食,清淡,症状
胃镜,大便
吸收
药物,症状,饮食,病史
症状,痉挛,表现,好转,止痛,导致,饮食,恶心,治疗
疼痛,缓解,胃口,改善
口臭,排便
明显,腹痛,大便
以及,疾病
测量,升高,腹泻,大便
症状,大便,小便
明显,消化,油腻,食物
紊乱,明显,刺激,治疗,饮食
饮食,排便,以及,尽快
腹泻,恶心,症状,持续
大便,恢复,状况,检查,痛苦,平常,海鲜
食物,恶心,呕吐,排便,连续
治疗,疼痛,恶心
海鲜
大便,便秘,检查,治疗,纤维,依赖性
症状,呕吐,构成
油腻,食物,疼痛,恶心,检查,药物,治疗
大便,油腻,清淡,表面,隐痛,胃镜
症状,大便,打嗝,辛辣,胃镜,息肉
维生素,叶酸,复查,胃镜,治疗,阳性,方案,预防,缺乏,扭转
大便,药物,食物,导致,功能,紊乱,造成,治疗
导致,反酸,适当,呼吸
恶心,基本,全身,着凉,观察,含量
大便,化验,排除
大便,胃镜,检查,肛门,腹痛
口臭,腹泻,消化,症状,胃镜
腹痛,检查,大便,着凉,腹部,疼痛
疼痛,部位,位置,打嗝
绞痛,腹痛,缓解,发热,恶心,呕吐,症状
腹泻,呕吐,初步,着凉,药物
大便,症状,腹痛,饮食,规律,消化,功能
片,药物,反酸,嗳气
胆汁,焦虑,隐痛,大便,腹部,反酸,辛辣,刺激,食物
胆汁,恶心,胃镜,检查
腹部,大便,缓解,疼痛
片,造成,饮食,流质,清淡
呕吐,疼痛,明显,症状,食物,类似
饮食,避免,辛辣,刺激,食物,药物,便秘,大便
大便,吸收,肛门,疼痛,腹泻,检查
空腹
腹泻,治疗,检查,表现,大便,气味,呕吐,症状,感染
中毒,寄生虫,腹痛
隐痛,疾病,膀胱,缓解,腹痛,止痛
症状,消失,隐痛,绞痛,明显,位置,收缩
检查
伴随,腹泻,恶心,呕吐,寒战
大便,体重,睡眠,消化,清醒,功能,排除
大便,表面,排便
大便,症状,腹痛,食物
腹泻,治疗
大便,饮食,规律,反酸,蔬菜,尽量,作息,辛辣,食物,暴饮暴食
饮食
发作,后遗症,基本,卧床
片,观察,促进,必要
症状,腹部
腹泻,症状,缓解,赶紧,联合,补充
腹泻,恶心,食物
恶心,刺激,咽部,反应
治疗,辅助,搭配,复查
位置,腹部,腹痛,压痛,大便,便秘
症状,隐痛,发作,恶心,呕吐,明显,压痛,打嗝
治疗,胃镜
恶心,呕吐,软,发热
症状,消失,大便,干燥,基本
酸痛,配合,治疗,反射,疼痛
消化,功能,饮食,清淡,适当,症状
检查,部位,腹部
持续,大便,干燥
腹痛,胸腔,症状,特殊,辛辣,刺激,治疗,腰
恶心,呕吐,胃镜,头部
腹泻,大便,治疗
呕吐,检查,反酸,食管,消失
着凉,消除,药物,持续,配合,治疗,排气
腹部,疼痛,排气,腹泻
恶心,呕吐,反酸
异物,造影,异常,腹痛,大便,小便,排气
明显,腹痛,大便,药物,腹部,直肠
恶心,腹部,疼痛,部位
腹泻
调整,呼吸,造成,疾病,发作,呕吐
伴随,大便,治疗,类似,药物
呕吐,明显,食管,症状,食物
全身,退烧,腹泻,胃口,小便
腹部,恶心,呕吐,现象,大便
大便,持续,检查,饮食,肛门,痔,治疗,导致,疾病
大便,性质,腹痛,发热,症状,腹泻,药物,腹部,清淡,饮食
大便,伴有,尿频,症状,化验,腹痛,状态,感染
检查,退烧,明显,消化,食物
消瘦,乏力,胸闷
大便,症状,补充,腹痛,饮食,辛辣,刺激,油腻,食物,规律
腹痛,腹泻,紊乱
伴随,酸痛,症状,过度,检查,显示,大便
食物,恶心,呕吐,消化,反酸
腹泻,饮食,规律
母乳,症状,呕吐,腹泻,疼痛,持续
便秘,膀胱,情绪,检查
呕吐,发热,大便,接触
呕吐
便秘,大便,肛门,发热,饮食,辛辣,刺激,油腻,腹痛
频繁,饥饿,持续,位置,疼痛,缓解,十二指肠,药物,症状
症状,打嗝,腹部,疼痛
恶心,消化,发热,腹泻,症状,明显,随时
表面,光滑,萎缩,复查
剧烈,疼痛,呕吐,症状,尿急
抗体,药物,治疗,连续
呕吐,胆汁,持续,剧烈,诊断,胃镜,观察
属于,消化,功能,不良,表现,十二指肠,必要,胃镜,检查
大便,腹痛,绞痛,症状,隐痛,排便,肛门,食物,化验
大便,胃镜
呕吐,检查,伴有,不足,胃镜
大便,检查,药物,反酸
大便,持续
嘴唇,折磨,基本,阶段
着凉,症状
大便
憋,便秘,依赖性,年纪
打嗝,大便,反酸,腹痛,饮食
打嗝,胃镜,刺激,饮食,诱因,治疗
位置,疼痛,尽快,类似,状况,痛经,明显
检查,怀孕,胃口,处理,饮食,吸收
恶心,饮食,清淡,食物,症状,持续,好转
腹部,疼痛,腹痛,持续,恶心,呕吐,胃镜,饥饿
反酸,便秘,饮食,规律,辛辣,刺激,食物,检查,大便
大便,食物,反酸,恶心
打嗝,伴有,大便,饮食,规律,状况,检查,胃镜
症状,嗳气,恶心,顺畅
明显,现象,缓解,药物
疼痛,部位
背部,疼痛,胸部,治疗,饮食,规律,检查,冲服,方案
部位,检查,治疗,饮食,腹痛
压痛,明显,血压,心率,休克,抢救,急腹症
胃口,睡眠,熬夜,检查,胃镜,肿瘤
治疗,检查,胃镜
糖尿病,消耗,便秘,年纪,消瘦,血糖,蔬菜
腹痛,止痛,症状,缓解,疼痛
肌肉,损伤,前列腺,膀胱,小便,异常,感染,检查,痉挛
消化,明显,空腹,反酸,嗳气,恶心,呕吐,大便,胃镜
腹泻,着凉,间隔,清淡,食物
打喷嚏,明显,空肠,回肠,胃镜
打嗝,刺激,食物,熬夜
大便,疼痛,检查,症状
打嗝,脾,胰腺,治疗,症状,嗓子,大便,因素
门诊,复查,检查,位置,促进,排便,就诊,大便
手指,摸,位置,大便,导致,药物,必要
恶心,治疗,规律
大便,堆积,排尿,消化,便秘
嗓子,腹部,手指,大便,位置,饮食,辛辣,刺激
大便,食物,腹痛,症状,消化
